image_id,healthy,multiple_diseases,rust,scab
Test_0,0.18051836,0.07261048,0.30100906,0.44586214
Test_1,0.47055417,0.036578096,0.3186314,0.17423627
Test_2,0.29600957,0.030830456,0.52128434,0.15187566
Test_3,0.4935102,0.027893618,0.35635108,0.12224511
Test_4,0.30445582,0.048496094,0.43808383,0.20896435
Test_5,0.32269913,0.060186833,0.32882962,0.28828448
Test_6,0.115281664,0.02882496,0.6949125,0.16098087
Test_7,0.33592862,0.07611622,0.18856412,0.39939108
Test_8,0.22277758,0.04992568,0.45641002,0.27088672
Test_9,0.3907913,0.042523615,0.061616734,0.5050683
Test_10,0.40125775,0.060360353,0.1701494,0.36823258
Test_11,0.26023874,0.053489596,0.42972118,0.25655043
Test_12,0.30175322,0.027976546,0.6013084,0.0689618
Test_13,0.24336948,0.0864019,0.14571467,0.524514
Test_14,0.4811974,0.035537567,0.3414398,0.14182518
Test_15,0.16949315,0.038734194,0.028084641,0.7636881
Test_16,0.13306437,0.034256324,0.6772062,0.15547311
Test_17,0.11171679,0.008659082,0.8527504,0.026873713
Test_18,0.27264988,0.080601946,0.24662074,0.40012738
Test_19,0.25776398,0.08194685,0.14902817,0.511261
Test_20,0.2864434,0.062184047,0.35377523,0.29759732
Test_21,0.26766872,0.07760176,0.25611824,0.39861128
Test_22,0.27903503,0.059250258,0.46940506,0.19230969
Test_23,0.46150243,0.05250218,0.34838068,0.13761467
Test_24,0.23550195,0.053223815,0.46596342,0.24531087
Test_25,0.2291131,0.0819446,0.18518975,0.5037525
Test_26,0.30763048,0.07097528,0.22856548,0.3928288
Test_27,0.13889892,0.07005016,0.27831945,0.5127315
Test_28,0.46982968,0.04317444,0.2786292,0.20836668
Test_29,0.19123742,0.045676075,0.04355431,0.7195322
Test_30,0.21747145,0.07047802,0.311998,0.4000525
Test_31,0.21496014,0.074742764,0.10167792,0.6086192
Test_32,0.03067464,0.011185605,0.013197881,0.9449419
Test_33,0.050722014,0.021289356,0.023203565,0.9047851
Test_34,0.4334538,0.055200923,0.33308703,0.17825828
Test_35,0.4322701,0.039789714,0.41301033,0.11492976
Test_36,0.41181958,0.04320108,0.38682902,0.15815036
Test_37,0.2978744,0.025654627,0.57942426,0.09704671
Test_38,0.09444618,0.049323145,0.06765015,0.78858054
Test_39,0.097190954,0.063926116,0.18001898,0.65886396
Test_40,0.3093176,0.05416532,0.3606363,0.2758808
Test_41,0.24450031,0.08298756,0.21296819,0.45954388
Test_42,0.22183518,0.06904929,0.08500489,0.6241107
Test_43,0.35046998,0.069555536,0.18560074,0.39437371
Test_44,0.16958222,0.07796633,0.11661158,0.63583994
Test_45,0.14683414,0.0675554,0.08903575,0.6965747
Test_46,0.33276087,0.03568242,0.45104167,0.18051496
Test_47,0.39223015,0.04225557,0.45060995,0.1149043
Test_48,0.17490737,0.039867014,0.029754158,0.75547147
Test_49,0.18294062,0.033216123,0.6308099,0.15303335
Test_50,0.1910698,0.08669098,0.2275579,0.4946814
Test_51,0.21590883,0.082528,0.10940541,0.5921578
Test_52,0.43440387,0.061360065,0.27138582,0.23285021
Test_53,0.55155456,0.027667308,0.29946703,0.121311046
Test_54,0.26386747,0.07852874,0.23907176,0.41853207
Test_55,0.45928434,0.043561555,0.31004882,0.18710531
Test_56,0.31267118,0.065595195,0.30508164,0.31665194
Test_57,0.7125894,0.013958383,0.15055847,0.12289372
Test_58,0.52046674,0.028364597,0.32961303,0.121555634
Test_59,0.1440021,0.076300815,0.17511252,0.6045846
Test_60,0.19340488,0.085788116,0.22285248,0.49795455
Test_61,0.4648819,0.04126704,0.27587917,0.21797197
Test_62,0.18568766,0.07114051,0.32619017,0.41698164
Test_63,0.43971092,0.044867452,0.3663283,0.14909337
Test_64,0.16169366,0.070688814,0.10485406,0.6627634
Test_65,0.44793665,0.037917294,0.4216114,0.09253458
Test_66,0.46732077,0.030590221,0.38427243,0.11781651
Test_67,0.20355357,0.08028559,0.116354354,0.59980655
Test_68,0.42176473,0.0348153,0.3832193,0.16020066
Test_69,0.36287373,0.059780646,0.24137552,0.33597013
Test_70,0.09850084,0.03723091,0.043181136,0.82108706
Test_71,0.11563379,0.04035636,0.6353052,0.20870465
Test_72,0.30378184,0.048304852,0.4508066,0.19710669
Test_73,0.18084523,0.078042135,0.36986214,0.37125054
Test_74,0.24452871,0.038940996,0.57100695,0.1455234
Test_75,0.30972475,0.06817058,0.14741586,0.47468883
Test_76,0.04498551,0.023319148,0.033558995,0.89813626
Test_77,0.1311832,0.025927933,0.014575185,0.82831365
Test_78,0.49476174,0.033214223,0.28273213,0.18929198
Test_79,0.11058642,0.06780086,0.27984324,0.5417695
Test_80,0.21584399,0.0596257,0.0603385,0.6641918
Test_81,0.020791953,0.01136041,0.018934967,0.9489127
Test_82,0.03237724,0.013545704,0.017263908,0.9368131
Test_83,0.38219637,0.06115096,0.22996296,0.32668978
Test_84,0.8260397,0.0045454563,0.13697234,0.032442573
Test_85,0.20767438,0.058495305,0.069776736,0.6640535
Test_86,0.23547535,0.019325612,0.68493193,0.06026708
Test_87,0.15688781,0.08143768,0.23464449,0.52703
Test_88,0.11071345,0.047704488,0.068292856,0.7732892
Test_89,0.4230082,0.05637961,0.25285718,0.26775497
Test_90,0.08737684,0.04471834,0.063643694,0.8042611
Test_91,0.48331508,0.046720706,0.2698849,0.20007934
Test_92,0.18862858,0.048686184,0.49332258,0.26936266
Test_93,0.088398986,0.055768568,0.09498694,0.7608455
Test_94,0.3953147,0.03213974,0.49670187,0.07584368
Test_95,0.21840008,0.038054112,0.5926368,0.150909
Test_96,0.32375523,0.059116222,0.38161102,0.2355175
Test_97,0.3023512,0.041524686,0.47804666,0.17807752
Test_98,0.21651904,0.07537104,0.2955594,0.41255054
Test_99,0.4128509,0.05564733,0.372079,0.15942271
Test_100,0.29884502,0.051043995,0.4354617,0.21464925
Test_101,0.25855017,0.06734161,0.12362481,0.55048335
Test_102,0.3913303,0.020701641,0.510015,0.077953
Test_103,0.059856355,0.03531507,0.04079244,0.86403614
Test_104,0.112475954,0.065706685,0.16171579,0.6601016
Test_105,0.06927067,0.040821638,0.063107565,0.82680017
Test_106,0.30258742,0.07337445,0.23725158,0.38678652
Test_107,0.29042223,0.074822076,0.16743393,0.46732178
Test_108,0.37785617,0.048034646,0.40701288,0.16709626
Test_109,0.0964677,0.049235094,0.072337516,0.7819597
Test_110,0.39623347,0.05530146,0.39260316,0.15586185
Test_111,0.15149651,0.06297802,0.07507771,0.7104477
Test_112,0.331486,0.053649493,0.45894763,0.15591685
Test_113,0.53658473,0.03339368,0.29442856,0.13559301
Test_114,0.29451382,0.051178817,0.41148984,0.2428175
Test_115,0.1502276,0.060650192,0.06347777,0.72564447
Test_116,0.20951675,0.06999916,0.2916559,0.4288282
Test_117,0.16743048,0.0768017,0.24568304,0.51008475
Test_118,0.22064209,0.016848246,0.720766,0.04174369
Test_119,0.54007727,0.035477612,0.26541966,0.15902542
Test_120,0.2560622,0.06403133,0.35498542,0.324921
Test_121,0.34616363,0.05489704,0.43001065,0.16892871
Test_122,0.3724476,0.06111668,0.119861186,0.44657445
Test_123,0.22571726,0.05107762,0.44671828,0.27648684
Test_124,0.22782612,0.07144512,0.2929293,0.40779948
Test_125,0.46433926,0.039213292,0.29725346,0.199194
Test_126,0.35260892,0.049739704,0.054884758,0.54276663
Test_127,0.310649,0.060974132,0.08662733,0.54174954
Test_128,0.4204707,0.045641795,0.36291698,0.17097057
Test_129,0.30524078,0.04080657,0.4522162,0.20173648
Test_130,0.23387952,0.07657171,0.116562866,0.5729859
Test_131,0.11857851,0.055384487,0.09354401,0.732493
Test_132,0.39911422,0.03655281,0.3771328,0.18720023
Test_133,0.30073002,0.07344807,0.20356622,0.42225564
Test_134,0.078839704,0.024275828,0.017288756,0.87959576
Test_135,0.12131331,0.07158969,0.26187864,0.5452184
Test_136,0.28821677,0.023111016,0.5605821,0.12809011
Test_137,0.08363092,0.055402298,0.100589775,0.760377
Test_138,0.26403424,0.034912962,0.53155,0.16950284
Test_139,0.1855009,0.049400266,0.5421322,0.22296666
Test_140,0.41810748,0.04049574,0.3729284,0.1684684
Test_141,0.2210916,0.046605904,0.039997,0.6923055
Test_142,0.4060116,0.015062364,0.55242366,0.026502354
Test_143,0.08462301,0.038083054,0.045854345,0.8314396
Test_144,0.06410154,0.028716408,0.038700394,0.8684816
Test_145,0.50822926,0.04266977,0.34448683,0.10461416
Test_146,0.40600976,0.037341446,0.43767187,0.11897687
Test_147,0.39550185,0.05290786,0.11021592,0.4413744
Test_148,0.44484913,0.06777857,0.33658314,0.15078914
Test_149,0.13727301,0.048915848,0.4390478,0.3747633
Test_150,0.4118135,0.045973275,0.3360833,0.20612992
Test_151,0.48897913,0.045065053,0.22806437,0.23789145
Test_152,0.24175306,0.08069811,0.26180762,0.4157412
Test_153,0.42793936,0.038451005,0.42947346,0.10413613
Test_154,0.06967168,0.030898629,0.038054816,0.8613748
Test_155,0.074473165,0.020322626,0.014758181,0.890446
Test_156,0.37050503,0.060563583,0.13037552,0.4385559
Test_157,0.2786804,0.08662382,0.17176609,0.46292964
Test_158,0.26725066,0.077226914,0.1315079,0.5240145
Test_159,0.16372617,0.022298567,0.7309655,0.08300983
Test_160,0.07111148,0.02429217,0.017530264,0.8870661
Test_161,0.71045274,0.012857566,0.060579475,0.21611018
Test_162,0.15971467,0.037145175,0.027863946,0.7752762
Test_163,0.19721289,0.062508516,0.052387834,0.68789077
Test_164,0.18573464,0.054453503,0.048345424,0.7114665
Test_165,0.49564347,0.025030015,0.3593492,0.1199773
Test_166,0.10754902,0.041120935,0.047261473,0.80406857
Test_167,0.31863287,0.051151764,0.42783338,0.20238198
Test_168,0.28939885,0.08110162,0.2657684,0.36373115
Test_169,0.04995792,0.023447057,0.021594921,0.9050001
Test_170,0.3057627,0.04552044,0.4227252,0.22599165
Test_171,0.5581533,0.024532337,0.30705965,0.1102548
Test_172,0.29576856,0.07446774,0.20953839,0.4202253
Test_173,0.31638384,0.0391403,0.530413,0.114062876
Test_174,0.4030227,0.052418634,0.4089913,0.13556732
Test_175,0.43577537,0.058316078,0.37097183,0.13493665
Test_176,0.27437186,0.03536236,0.59443355,0.095832184
Test_177,0.41557515,0.038393825,0.3743769,0.17165412
Test_178,0.25497687,0.075449705,0.23864956,0.43092382
Test_179,0.2319924,0.07647243,0.2739454,0.41758975
Test_180,0.34440342,0.051132217,0.33369163,0.27077273
Test_181,0.50319797,0.0493385,0.2682437,0.17921984
Test_182,0.24190813,0.083783455,0.19954225,0.4747661
Test_183,0.4277159,0.038574982,0.3511526,0.18255648
Test_184,0.39443278,0.03969522,0.48319227,0.08267972
Test_185,0.27546513,0.059304364,0.3020068,0.36322364
Test_186,0.34385768,0.044518407,0.38188785,0.22973606
Test_187,0.27880898,0.043963026,0.5391432,0.1380848
Test_188,0.30947196,0.055701565,0.34898302,0.28584343
Test_189,0.21118158,0.08554887,0.2822546,0.42101493
Test_190,0.32793522,0.05933126,0.07446987,0.5382636
Test_191,0.28417778,0.05915574,0.06297454,0.59369195
Test_192,0.03387215,0.014768539,0.016569559,0.9347898
Test_193,0.21478929,0.08726765,0.1625277,0.53541535
Test_194,0.046243247,0.022550337,0.026683576,0.90452284
Test_195,0.29327604,0.057047065,0.40561774,0.24405918
Test_196,0.18751985,0.06843088,0.36548758,0.37856168
Test_197,0.23286253,0.060895473,0.38137865,0.32486328
Test_198,0.14615743,0.07136096,0.10815598,0.67432564
Test_199,0.20768178,0.0813807,0.27794296,0.43299457
Test_200,0.37304658,0.06347112,0.2451079,0.31837437
Test_201,0.38382882,0.0463703,0.4185583,0.15124261
Test_202,0.3068676,0.054248687,0.06355233,0.5753314
Test_203,0.42301622,0.033601787,0.3793469,0.1640351
Test_204,0.13929236,0.06409265,0.40954047,0.3870745
Test_205,0.1116286,0.040478263,0.042733718,0.8051594
Test_206,0.1054249,0.06191816,0.12803586,0.7046211
Test_207,0.3362548,0.04471321,0.4241267,0.1949053
Test_208,0.101728015,0.0627571,0.1360244,0.6994904
Test_209,0.4789234,0.044741943,0.38892496,0.08740967
Test_210,0.17847851,0.063780986,0.09398101,0.66375947
Test_211,0.41672894,0.05860785,0.30252716,0.22213604
Test_212,0.47480986,0.039654385,0.29217726,0.19335844
Test_213,0.5946498,0.034994315,0.20292199,0.16743387
Test_214,0.36656,0.061729472,0.10773811,0.4639724
Test_215,0.39246926,0.04322233,0.38455135,0.17975703
Test_216,0.37170064,0.053902935,0.38481373,0.18958272
Test_217,0.70139754,0.009588929,0.047794975,0.24121861
Test_218,0.2937774,0.060897507,0.3710641,0.27426097
Test_219,0.14907968,0.06377897,0.08634416,0.70079714
Test_220,0.04433563,0.015543146,0.013012627,0.9271085
Test_221,0.26373792,0.07551892,0.16349213,0.49725103
Test_222,0.33972812,0.054277766,0.07847029,0.5275238
Test_223,0.4685677,0.039978635,0.38169688,0.10975685
Test_224,0.15000434,0.07674346,0.21379006,0.55946213
Test_225,0.2642605,0.03916784,0.53728586,0.15928581
Test_226,0.49499622,0.01919058,0.39984047,0.08597268
Test_227,0.16820626,0.07130963,0.09913824,0.6613459
Test_228,0.41755924,0.039627645,0.34666535,0.19614774
Test_229,0.36027434,0.011774986,0.60549086,0.022459807
Test_230,0.7308631,0.010326986,0.15199378,0.106816135
Test_231,0.36119252,0.05543873,0.32821384,0.25515485
Test_232,0.19134223,0.090713166,0.2409768,0.4769679
Test_233,0.29999644,0.032669876,0.5506705,0.11666319
Test_234,0.3218129,0.04423966,0.02833698,0.6056105
Test_235,0.20491081,0.05736213,0.056068372,0.6816587
Test_236,0.15046783,0.063628234,0.08036925,0.70553464
Test_237,0.048670184,0.038112868,0.11924048,0.7939764
Test_238,0.40347224,0.04371835,0.42864195,0.124167435
Test_239,0.4286794,0.04910462,0.22174388,0.30047202
Test_240,0.16807611,0.038014848,0.5972236,0.19668543
Test_241,0.2259325,0.045153823,0.54997486,0.17893884
Test_242,0.37013093,0.052653287,0.33993348,0.23728232
Test_243,0.10384137,0.038846463,0.045900114,0.8114121
Test_244,0.12743737,0.05219883,0.56846565,0.25189814
Test_245,0.37067837,0.052319556,0.35999474,0.21700734
Test_246,0.14331663,0.077315204,0.26379043,0.5155778
Test_247,0.21187176,0.02958543,0.6176898,0.14085306
Test_248,0.2893969,0.062348273,0.08922,0.5590349
Test_249,0.10972928,0.024283469,0.01760941,0.8483778
Test_250,0.060129125,0.038887996,0.061765727,0.8392171
Test_251,0.41134015,0.046245117,0.07408997,0.46832472
Test_252,0.42216468,0.0507135,0.10013081,0.42699105
Test_253,0.36571404,0.062488902,0.1540488,0.41774824
Test_254,0.25579226,0.04900848,0.4373227,0.2578766
Test_255,0.57596725,0.027390866,0.27901715,0.11762477
Test_256,0.28039446,0.071242504,0.2924606,0.35590243
Test_257,0.35139343,0.047915544,0.07002791,0.53066313
Test_258,0.21239407,0.07493725,0.112136744,0.600532
Test_259,0.56149745,0.028033042,0.08319611,0.32727346
Test_260,0.18276025,0.07803997,0.33508924,0.4041106
Test_261,0.23310025,0.08774764,0.1591488,0.5200033
Test_262,0.49378383,0.027979312,0.0757192,0.4025177
Test_263,0.056248587,0.03418086,0.040187187,0.8693834
Test_264,0.55648726,0.034867696,0.21134299,0.19730207
Test_265,0.09711919,0.046825696,0.049890682,0.80616444
Test_266,0.23652765,0.041996717,0.56822944,0.1532462
Test_267,0.1626195,0.091321774,0.2567081,0.48935068
Test_268,0.086068556,0.058599208,0.16374515,0.69158703
Test_269,0.3354942,0.052868742,0.39351618,0.21812089
Test_270,0.24723233,0.054755777,0.46474525,0.23326664
Test_271,0.41270098,0.055052187,0.3744176,0.15782923
Test_272,0.1544041,0.063068144,0.07423696,0.7082908
Test_273,0.21926762,0.06237703,0.06709687,0.65125847
Test_274,0.25153393,0.04229732,0.5731443,0.13302447
Test_275,0.17845489,0.08379946,0.167783,0.5699627
Test_276,0.25716606,0.057809837,0.051235437,0.6337886
Test_277,0.3927708,0.059404872,0.4096281,0.13819626
Test_278,0.10547536,0.032748956,0.71159786,0.15017779
Test_279,0.23932771,0.08134897,0.2524678,0.42685547
Test_280,0.11963689,0.03619821,0.034175757,0.8099892
Test_281,0.45842308,0.041833494,0.38736105,0.11238236
Test_282,0.22874478,0.05448171,0.5047666,0.2120069
Test_283,0.10380903,0.059080344,0.12679705,0.7103136
Test_284,0.24046923,0.058090616,0.4386509,0.2627892
Test_285,0.47298124,0.034589257,0.2978028,0.19462678
Test_286,0.32832116,0.053405907,0.39330968,0.2249632
Test_287,0.3758637,0.045614023,0.31868556,0.2598367
Test_288,0.16643809,0.067787424,0.07500621,0.69076836
Test_289,0.42840478,0.029203175,0.04180431,0.5005877
Test_290,0.1618729,0.03083865,0.022920884,0.78436756
Test_291,0.23886408,0.08068232,0.20692293,0.4735307
Test_292,0.22237542,0.0644826,0.0722452,0.64089674
Test_293,0.23161586,0.05989354,0.38990942,0.31858113
Test_294,0.108422674,0.072135806,0.16343535,0.65600616
Test_295,0.3689176,0.060997345,0.26858377,0.30150124
Test_296,0.28589177,0.027452946,0.58837926,0.09827604
Test_297,0.64084816,0.020524967,0.07390391,0.26472294
Test_298,0.39548942,0.03175938,0.44551477,0.1272365
Test_299,0.12452141,0.061735123,0.117579035,0.6961644
Test_300,0.42809543,0.038566418,0.39924377,0.13409439
Test_301,0.36761695,0.056247752,0.09192029,0.48421496
Test_302,0.45915613,0.050167404,0.11798784,0.37268862
Test_303,0.2734379,0.037228726,0.5410227,0.14831066
Test_304,0.0853839,0.01688217,0.011265406,0.8864685
Test_305,0.28591865,0.08195006,0.13262045,0.49951082
Test_306,0.42416832,0.045773387,0.0844507,0.44560757
Test_307,0.24160981,0.06615556,0.08069987,0.61153483
Test_308,0.41501758,0.046658657,0.4196666,0.118657246
Test_309,0.13206448,0.057832252,0.09055193,0.7195514
Test_310,0.2873872,0.049408164,0.43457535,0.22862928
Test_311,0.36456874,0.025512515,0.50932145,0.10059732
Test_312,0.21477085,0.050753158,0.04984102,0.684635
Test_313,0.033189226,0.0139620025,0.01784225,0.9350066
Test_314,0.10754771,0.06218996,0.23319963,0.59706277
Test_315,0.26623383,0.062180597,0.420444,0.25114155
Test_316,0.35515317,0.059149783,0.28323838,0.3024586
Test_317,0.27020997,0.075879484,0.099946596,0.55396396
Test_318,0.16672575,0.06574683,0.3280693,0.43945807
Test_319,0.2441732,0.07984981,0.11692891,0.5590481
Test_320,0.1994953,0.073797405,0.14033902,0.5863683
Test_321,0.5104701,0.04050635,0.37874243,0.07028114
Test_322,0.43974134,0.04677694,0.15941665,0.35406506
Test_323,0.1557943,0.040189236,0.60314775,0.20086877
Test_324,0.34218267,0.05771751,0.31354403,0.2865558
Test_325,0.28011486,0.06934699,0.26964393,0.38089427
Test_326,0.44709638,0.03217795,0.39587188,0.12485379
Test_327,0.31622502,0.06554306,0.330944,0.28728786
Test_328,0.37269083,0.045659322,0.40978697,0.17186294
Test_329,0.06432041,0.041119218,0.068871096,0.8256893
Test_330,0.20160641,0.058699965,0.3962791,0.34341455
Test_331,0.572127,0.026526717,0.2862857,0.115060635
Test_332,0.43738684,0.04921442,0.30422664,0.2091721
Test_333,0.37478906,0.02608956,0.49679083,0.10233059
Test_334,0.3223977,0.05438405,0.43258977,0.19062854
Test_335,0.20274612,0.0088404715,0.7648176,0.02359587
Test_336,0.31946683,0.058854397,0.3523167,0.26936206
Test_337,0.16366926,0.08292779,0.18617326,0.5672297
Test_338,0.45090568,0.03979183,0.4116508,0.0976516
Test_339,0.30978188,0.07976892,0.18313529,0.42731395
Test_340,0.2454406,0.072263256,0.3722734,0.31002274
Test_341,0.3606721,0.07091146,0.2774978,0.29091865
Test_342,0.63856626,0.017429002,0.24638939,0.097615376
Test_343,0.19398585,0.049043268,0.044810224,0.71216065
Test_344,0.44164538,0.04001514,0.42811456,0.09022493
Test_345,0.34360072,0.030860106,0.020189326,0.60534984
Test_346,0.35929415,0.038325176,0.43768603,0.16469465
Test_347,0.30850828,0.069746085,0.12549534,0.49625024
Test_348,0.300001,0.017728316,0.6368499,0.045420792
Test_349,0.45128965,0.02164731,0.47915316,0.047909845
Test_350,0.08484657,0.04300076,0.053848065,0.8183046
Test_351,0.12564588,0.07298974,0.1237724,0.677592
Test_352,0.2842733,0.046310715,0.44119054,0.22822547
Test_353,0.32691315,0.044067685,0.45331275,0.17570645
Test_354,0.59511095,0.01449127,0.31004858,0.08034923
Test_355,0.18094899,0.08266711,0.33415484,0.40222904
Test_356,0.24312346,0.060626402,0.4550108,0.24123932
Test_357,0.39547172,0.050142515,0.40343803,0.15094768
Test_358,0.35769594,0.05152294,0.09223184,0.49854928
Test_359,0.1614558,0.08326505,0.23497471,0.5203045
Test_360,0.35029295,0.054424156,0.25455877,0.3407241
Test_361,0.11090175,0.04719885,0.053167257,0.7887321
Test_362,0.33725837,0.028216166,0.57998353,0.054541852
Test_363,0.17235401,0.038236495,0.60752016,0.18188937
Test_364,0.23137966,0.059548743,0.079017684,0.6300539
Test_365,0.6127052,0.014804985,0.30894706,0.06354272
Test_366,0.17252782,0.031844746,0.6627225,0.13290496
Test_367,0.5077718,0.036401913,0.11117549,0.34465083
Test_368,0.34355482,0.051281616,0.34665784,0.25850567
Test_369,0.05659179,0.015824646,0.01115185,0.9164317
Test_370,0.45021132,0.03308221,0.36686197,0.1498445
Test_371,0.49898303,0.0327712,0.25705433,0.21119149
Test_372,0.55759084,0.032636553,0.21654974,0.19322285
Test_373,0.38687295,0.05448681,0.27958724,0.2790531
Test_374,0.4372449,0.048483737,0.1542595,0.36001185
Test_375,0.1899856,0.04460631,0.5297258,0.23568235
Test_376,0.21619822,0.00706407,0.764779,0.011958683
Test_377,0.37400362,0.048466977,0.3517054,0.22582397
Test_378,0.1631754,0.07912864,0.25818285,0.4995131
Test_379,0.264743,0.07929474,0.22189617,0.43406612
Test_380,0.32105005,0.043805704,0.49270952,0.14243475
Test_381,0.06766904,0.034684226,0.040228233,0.85741854
Test_382,0.8239255,0.0058972905,0.04062192,0.12955528
Test_383,0.32894394,0.03449587,0.4823104,0.15424977
Test_384,0.09278303,0.0069361734,0.8808269,0.019453878
Test_385,0.43930233,0.02263745,0.47371572,0.064344525
Test_386,0.06424048,0.03538859,0.06040206,0.83996886
Test_387,0.4299299,0.021280458,0.48394138,0.064848304
Test_388,0.16212215,0.035015903,0.66461295,0.13824897
Test_389,0.59653896,0.0242804,0.28589758,0.09328309
Test_390,0.13456534,0.029852273,0.018680817,0.8169015
Test_391,0.28525934,0.053574417,0.39993706,0.2612291
Test_392,0.15836833,0.08402649,0.17354934,0.58405584
Test_393,0.36618286,0.044092346,0.36216503,0.2275598
Test_394,0.24336292,0.07305464,0.09462879,0.58895373
Test_395,0.49314886,0.03340527,0.40364844,0.0697974
Test_396,0.21377401,0.080983065,0.307785,0.3974579
Test_397,0.20052902,0.053181183,0.5156073,0.23068254
Test_398,0.23845504,0.039251283,0.031950526,0.6903432
Test_399,0.47717926,0.030398447,0.047388017,0.44503424
Test_400,0.38563308,0.064887516,0.16109972,0.38837966
Test_401,0.56234014,0.029926768,0.07860378,0.32912934
Test_402,0.3030273,0.07415138,0.14536902,0.4774523
Test_403,0.14864781,0.0260641,0.7110496,0.11423846
Test_404,0.1314637,0.051247876,0.054499883,0.76278853
Test_405,0.2233696,0.03587198,0.019758817,0.7209996
Test_406,0.33781108,0.05644337,0.33002234,0.27572316
Test_407,0.29281604,0.04394375,0.47812122,0.18511897
Test_408,0.29987645,0.0653214,0.35636818,0.278434
Test_409,0.076276086,0.043883085,0.072127014,0.80771375
Test_410,0.6356682,0.022106314,0.10526976,0.23695575
Test_411,0.2738041,0.04012916,0.5648036,0.121263064
Test_412,0.13543355,0.05654646,0.056668535,0.7513514
Test_413,0.27375072,0.05605331,0.056653924,0.613542
Test_414,0.13302262,0.07508422,0.13511056,0.6567826
Test_415,0.20676106,0.09261576,0.21344446,0.48717874
Test_416,0.27107507,0.066919684,0.33711195,0.32489327
Test_417,0.39669862,0.040114846,0.43279734,0.1303892
Test_418,0.261112,0.08194362,0.18202591,0.47491854
Test_419,0.28861517,0.06718755,0.13657214,0.50762516
Test_420,0.31383178,0.04972551,0.46355674,0.17288592
Test_421,0.11144951,0.036247347,0.03386736,0.8184357
Test_422,0.30717233,0.06373928,0.3287266,0.30036187
Test_423,0.087285414,0.051998947,0.079327725,0.78138787
Test_424,0.22877881,0.066635594,0.3537972,0.35078835
Test_425,0.37488532,0.057112087,0.099686116,0.4683165
Test_426,0.22570677,0.034399085,0.6064707,0.13342342
Test_427,0.17962188,0.03540799,0.5720491,0.21292104
Test_428,0.41126245,0.048497517,0.38766766,0.1525724
Test_429,0.20162632,0.09038237,0.220292,0.48769933
Test_430,0.35245615,0.026021106,0.5264546,0.09506814
Test_431,0.22187853,0.047373608,0.47350752,0.25724038
Test_432,0.10019659,0.06053767,0.139188,0.7000777
Test_433,0.11373577,0.03060001,0.022543827,0.83312035
Test_434,0.47364023,0.05266256,0.30543518,0.16826193
Test_435,0.5762123,0.027249131,0.26052475,0.1360138
Test_436,0.6208858,0.028238302,0.106322296,0.24455354
Test_437,0.63161933,0.019041907,0.08797156,0.2613672
Test_438,0.19922394,0.0824987,0.14398065,0.5742967
Test_439,0.06408684,0.04566924,0.11400152,0.7762423
Test_440,0.18311968,0.03091396,0.63862467,0.14734167
Test_441,0.1964422,0.05213064,0.46381068,0.28761646
Test_442,0.24011889,0.0600051,0.4130314,0.2868446
Test_443,0.20289138,0.059208,0.40171438,0.3361862
Test_444,0.22349192,0.051641177,0.51193,0.21293697
Test_445,0.42983958,0.047484014,0.09510221,0.42757425
Test_446,0.06276535,0.027342513,0.026861228,0.8830309
Test_447,0.38343778,0.06394437,0.21828514,0.33433276
Test_448,0.18035343,0.046153184,0.5167357,0.25675774
Test_449,0.37943318,0.050816268,0.43878892,0.13096163
Test_450,0.17986666,0.08282009,0.21388628,0.52342695
Test_451,0.2022198,0.056695454,0.38705203,0.35403267
Test_452,0.3354049,0.044664722,0.42176193,0.19816843
Test_453,0.44387692,0.048657656,0.15009393,0.35737148
Test_454,0.39610967,0.017777532,0.5383461,0.047766685
Test_455,0.45277512,0.040874656,0.37008032,0.13626982
Test_456,0.26212263,0.05977139,0.44429192,0.23381402
Test_457,0.20158239,0.024850206,0.6842637,0.08930366
Test_458,0.13458763,0.04468065,0.047392495,0.7733393
Test_459,0.44913733,0.041930377,0.4016406,0.10729178
Test_460,0.4853158,0.047811203,0.25629842,0.21057466
Test_461,0.15057537,0.032379445,0.023613678,0.7934315
Test_462,0.076610185,0.026260214,0.020962963,0.87616664
Test_463,0.030737387,0.007560303,0.0046659266,0.9570363
Test_464,0.043682612,0.029446982,0.045567427,0.88130295
Test_465,0.32944053,0.052396093,0.35272306,0.2654403
Test_466,0.27310446,0.0694497,0.102981396,0.55446446
Test_467,0.11975174,0.05036017,0.057865966,0.77202207
Test_468,0.27382714,0.07265879,0.2711995,0.38231453
Test_469,0.118235074,0.06749935,0.29077214,0.5234934
Test_470,0.15199538,0.07722883,0.15857752,0.6121983
Test_471,0.34695205,0.019695984,0.58471936,0.048632637
Test_472,0.49301785,0.06405977,0.2546107,0.18831165
Test_473,0.10051733,0.0548967,0.11386414,0.73072183
Test_474,0.25524744,0.08216168,0.16341493,0.4991759
Test_475,0.6681781,0.015093255,0.062539205,0.2541895
Test_476,0.2762891,0.0036099541,0.7112006,0.008900335
Test_477,0.1597086,0.07614449,0.32092413,0.44322288
Test_478,0.6454953,0.020416621,0.123181656,0.21090634
Test_479,0.43759587,0.047872074,0.31110576,0.20342635
Test_480,0.17084993,0.06915177,0.08044872,0.67954963
Test_481,0.7834577,0.006512198,0.050587524,0.15944259
Test_482,0.2985723,0.027313014,0.6100341,0.06408054
Test_483,0.47727722,0.047077287,0.13388029,0.3417652
Test_484,0.23475075,0.04447704,0.5469351,0.17383718
Test_485,0.20432845,0.06534027,0.07811654,0.6522147
Test_486,0.32991377,0.06086614,0.09171483,0.5175053
Test_487,0.23449747,0.06622967,0.38708204,0.3121908
Test_488,0.23966445,0.07939941,0.11972799,0.5612082
Test_489,0.46306518,0.06309752,0.291296,0.18254136
Test_490,0.2666707,0.07554674,0.21779485,0.4399877
Test_491,0.122686,0.046687894,0.056818355,0.77380776
Test_492,0.23373744,0.08413119,0.1482874,0.533844
Test_493,0.50393605,0.037859146,0.2891555,0.16904931
Test_494,0.3441606,0.058351647,0.29269335,0.3047944
Test_495,0.6632709,0.012774046,0.26549447,0.058460567
Test_496,0.16424632,0.07896863,0.15178211,0.60500294
Test_497,0.36431298,0.063212804,0.15300512,0.4194691
Test_498,0.3671784,0.04236789,0.46148106,0.12897263
Test_499,0.12956406,0.075818926,0.22090909,0.57370794
Test_500,0.60838085,0.034011565,0.18541959,0.17218798
Test_501,0.28867188,0.044335283,0.46670303,0.20028983
Test_502,0.42675227,0.051753618,0.35155594,0.16993819
Test_503,0.1929245,0.038631037,0.5454691,0.22297542
Test_504,0.26965815,0.057460684,0.40223086,0.27065036
Test_505,0.37183946,0.034074593,0.42560127,0.16848469
Test_506,0.4828286,0.04738904,0.3899018,0.079880595
Test_507,0.11485202,0.041638423,0.04787325,0.7956363
Test_508,0.18563546,0.053492576,0.06383877,0.6970331
Test_509,0.11600327,0.061927672,0.263257,0.558812
Test_510,0.20860282,0.07825085,0.16209693,0.5510494
Test_511,0.25110984,0.07897281,0.26070425,0.4092131
Test_512,0.40033787,0.058137104,0.20644215,0.33508292
Test_513,0.34834656,0.048580986,0.45632097,0.14675154
Test_514,0.16999593,0.062930435,0.37693143,0.39014214
Test_515,0.09220344,0.040964898,0.050162382,0.8166693
Test_516,0.6508116,0.014652565,0.23204978,0.102486
Test_517,0.23641805,0.066527,0.08199047,0.6150645
Test_518,0.4351716,0.029875807,0.40333116,0.13162135
Test_519,0.33802122,0.04052212,0.42123485,0.20022185
Test_520,0.5206978,0.04531084,0.3146554,0.11933603
Test_521,0.340235,0.017892953,0.5825015,0.059370622
Test_522,0.1705762,0.07049449,0.09324172,0.6656876
Test_523,0.18198909,0.05708572,0.064893365,0.6960318
Test_524,0.37529537,0.06418511,0.19774127,0.36277825
Test_525,0.19981688,0.085716866,0.2219594,0.49250683
Test_526,0.2558245,0.049621608,0.47174838,0.22280556
Test_527,0.2873421,0.07767334,0.19927637,0.43570817
Test_528,0.3306982,0.07330798,0.20154072,0.39445314
Test_529,0.20956111,0.08286384,0.24461666,0.46295834
Test_530,0.2859809,0.05052009,0.38049528,0.28300375
Test_531,0.43793544,0.0476731,0.20984444,0.30454695
Test_532,0.17283806,0.08257777,0.20706685,0.5375173
Test_533,0.35376704,0.056919605,0.32703713,0.26227623
Test_534,0.025762344,0.010542357,0.013254737,0.9504405
Test_535,0.1624071,0.072475895,0.26181865,0.5032984
Test_536,0.35379955,0.03975409,0.44496244,0.16148388
Test_537,0.15287495,0.06989576,0.27725857,0.49997067
Test_538,0.20951411,0.0981731,0.15083745,0.54147536
Test_539,0.2385035,0.082900375,0.12545624,0.55313987
Test_540,0.2797016,0.051649358,0.41601115,0.25263786
Test_541,0.35118523,0.06465255,0.25047216,0.33369008
Test_542,0.7010991,0.015871987,0.14991088,0.13311805
Test_543,0.5345245,0.021915385,0.3431037,0.100456424
Test_544,0.14490156,0.061440352,0.07128943,0.7223686
Test_545,0.34157816,0.04802228,0.47435325,0.13604632
Test_546,0.46187985,0.06499913,0.20567046,0.26745048
Test_547,0.14416407,0.066852696,0.3768823,0.41210085
Test_548,0.5737315,0.026296247,0.14124176,0.25873053
Test_549,0.40493664,0.045228224,0.42236325,0.12747191
Test_550,0.15717404,0.040444817,0.030444827,0.7719363
Test_551,0.47053897,0.025878312,0.4501705,0.053412188
Test_552,0.16795324,0.053508803,0.56204814,0.21648979
Test_553,0.4968057,0.038043946,0.14353468,0.32161573
Test_554,0.5420642,0.030682152,0.085045755,0.34220785
Test_555,0.16904949,0.055175275,0.06778699,0.70798826
Test_556,0.20575732,0.06352805,0.31879288,0.41192177
Test_557,0.60468745,0.023369974,0.20029534,0.17164719
Test_558,0.047615092,0.020454751,0.023665572,0.9082646
Test_559,0.2928669,0.05249743,0.40995312,0.24468261
Test_560,0.23008269,0.06930924,0.08276205,0.617846
Test_561,0.2275083,0.07997666,0.2708892,0.42162588
Test_562,0.22554319,0.067051604,0.33062303,0.37678224
Test_563,0.57819,0.020054396,0.30801323,0.093742326
Test_564,0.32768542,0.05996144,0.31171283,0.30064034
Test_565,0.23075543,0.07025813,0.27872357,0.42026284
Test_566,0.5062503,0.032542825,0.07449821,0.3867087
Test_567,0.3125325,0.039432745,0.51525307,0.13278165
Test_568,0.09546919,0.033238582,0.035184123,0.8361081
Test_569,0.31106558,0.06728158,0.14069736,0.48095548
Test_570,0.1623354,0.07687923,0.15940323,0.6013821
Test_571,0.093745604,0.025669197,0.01963391,0.86095136
Test_572,0.28088182,0.055928905,0.4345295,0.2286598
Test_573,0.48993957,0.036653444,0.25141728,0.22198963
Test_574,0.45072272,0.045174368,0.40252805,0.10157491
Test_575,0.36444673,0.04237639,0.49365887,0.09951799
Test_576,0.1210438,0.057704896,0.35212064,0.46913067
Test_577,0.16770864,0.06875959,0.089484505,0.67404735
Test_578,0.16798729,0.07836159,0.24727537,0.5063758
Test_579,0.4719201,0.048978508,0.3865702,0.09253119
Test_580,0.36706653,0.03344342,0.4948048,0.104685225
Test_581,0.4629307,0.053202882,0.35498554,0.12888083
Test_582,0.22654694,0.067348294,0.08921606,0.6168887
Test_583,0.3684247,0.029083274,0.531093,0.07139897
Test_584,0.29740733,0.05179286,0.050842125,0.59995776
Test_585,0.103198215,0.052428678,0.08355209,0.76082104
Test_586,0.47268605,0.050083946,0.2759615,0.2012685
Test_587,0.1146761,0.058104306,0.085386336,0.74183327
Test_588,0.40764174,0.062488075,0.3694803,0.16038984
Test_589,0.13536614,0.07163629,0.39312974,0.39986783
Test_590,0.22263275,0.08556507,0.16718891,0.52461326
Test_591,0.23027028,0.05556606,0.4473028,0.2668609
Test_592,0.2308725,0.04725404,0.41933832,0.30253518
Test_593,0.109641895,0.005468405,0.8611862,0.023703448
Test_594,0.35966566,0.062115848,0.1338056,0.4444129
Test_595,0.20606652,0.07771588,0.13672927,0.57948834
Test_596,0.36426085,0.037941165,0.44572383,0.1520741
Test_597,0.21092485,0.08325919,0.230791,0.47502506
Test_598,0.3612447,0.046124965,0.3111403,0.2814901
Test_599,0.35716698,0.05151162,0.4074116,0.18390977
Test_600,0.308724,0.034965046,0.46628863,0.19002227
Test_601,0.28357744,0.06816965,0.07362625,0.5746267
Test_602,0.09885249,0.062336355,0.15912734,0.6796838
Test_603,0.22605819,0.07259453,0.31770113,0.3836461
Test_604,0.79667926,0.007836579,0.07564433,0.1198398
Test_605,0.2605902,0.027451828,0.6115571,0.10040091
Test_606,0.3971682,0.040676493,0.46123594,0.10091939
Test_607,0.0742213,0.04617767,0.09038623,0.78921485
Test_608,0.22233894,0.09248017,0.2972256,0.38795528
Test_609,0.26172733,0.050431244,0.039151948,0.64868945
Test_610,0.36158186,0.064714245,0.16192937,0.41177452
Test_611,0.36940354,0.03857804,0.4350815,0.15693693
Test_612,0.22354802,0.07407131,0.3247789,0.3776018
Test_613,0.1732629,0.06958779,0.07055192,0.6865974
Test_614,0.24916242,0.06373976,0.3412141,0.3458837
Test_615,0.3005001,0.04426144,0.46029675,0.19494171
Test_616,0.3724776,0.053018946,0.45161468,0.122888766
Test_617,0.53232557,0.03545576,0.2625884,0.16963029
Test_618,0.2985315,0.03560931,0.5544505,0.11140869
Test_619,0.43347028,0.04194846,0.43870312,0.085878186
Test_620,0.22119036,0.07011982,0.32499275,0.383697
Test_621,0.123157755,0.04972802,0.06080124,0.76631296
Test_622,0.3750491,0.057493847,0.34444162,0.22301547
Test_623,0.3586656,0.029200843,0.54424536,0.067888215
Test_624,0.111462854,0.019820305,0.7785503,0.09016653
Test_625,0.34528005,0.05578026,0.3049334,0.29400626
Test_626,0.36417818,0.05423367,0.097006746,0.48458135
Test_627,0.19266793,0.07206923,0.10579366,0.62946916
Test_628,0.2071464,0.027753303,0.6418728,0.123227514
Test_629,0.10647812,0.029958269,0.023885796,0.8396778
Test_630,0.09146484,0.032249797,0.028532082,0.8477532
Test_631,0.2883211,0.062641315,0.3327351,0.31630245
Test_632,0.12980156,0.074672885,0.22981493,0.5657106
Test_633,0.37499347,0.04880053,0.055805195,0.52040076
Test_634,0.17777246,0.08103312,0.30486482,0.43632954
Test_635,0.38768083,0.026884556,0.029826393,0.5556083
Test_636,0.24027133,0.05918604,0.059482403,0.64106023
Test_637,0.17809324,0.08563458,0.18010733,0.55616486
Test_638,0.14059024,0.07390018,0.23969488,0.5458147
Test_639,0.16640308,0.043737315,0.54052573,0.24933387
Test_640,0.40236688,0.021235729,0.52587676,0.050520603
Test_641,0.26855445,0.07001743,0.1246541,0.53677404
Test_642,0.2583745,0.045164283,0.5144917,0.18196952
Test_643,0.17488472,0.013035299,0.77597666,0.036103312
Test_644,0.48416948,0.04273567,0.15055934,0.32253549
Test_645,0.2664528,0.07506004,0.2593175,0.3991697
Test_646,0.4372613,0.040962625,0.35657266,0.1652033
Test_647,0.26870298,0.08039751,0.2602616,0.39063793
Test_648,0.33458835,0.051723585,0.33743256,0.27625552
Test_649,0.13867234,0.04463094,0.5540528,0.2626439
Test_650,0.39215443,0.03867915,0.37188867,0.19727784
Test_651,0.4878415,0.01805831,0.4579872,0.036113072
Test_652,0.38266844,0.03374219,0.48043156,0.10315776
Test_653,0.184122,0.076648496,0.241018,0.49821147
Test_654,0.3326943,0.071754016,0.17370695,0.4218447
Test_655,0.117222495,0.051637966,0.0651168,0.76602274
Test_656,0.3505509,0.06472209,0.26449195,0.32023507
Test_657,0.36615443,0.05357719,0.08142672,0.49884158
Test_658,0.27514312,0.08041884,0.25942406,0.385014
Test_659,0.48807502,0.030591592,0.324583,0.15675029
Test_660,0.28675464,0.059221547,0.32998693,0.3240369
Test_661,0.34767157,0.04748726,0.49631295,0.108528145
Test_662,0.32085344,0.0667071,0.41280028,0.19963919
Test_663,0.14328419,0.06619178,0.4019454,0.38857862
Test_664,0.40708673,0.056788832,0.12554044,0.410584
Test_665,0.3433771,0.04426256,0.36346412,0.24889621
Test_666,0.4336104,0.03927769,0.10297755,0.42413437
Test_667,0.038175836,0.016338449,0.017392596,0.9280931
Test_668,0.26922113,0.081751585,0.18694879,0.46207848
Test_669,0.32466096,0.055111058,0.34133115,0.27889684
Test_670,0.36609563,0.034597214,0.44420868,0.15509851
Test_671,0.21890165,0.0737233,0.26731005,0.44006506
Test_672,0.36521816,0.011316073,0.59362483,0.029840926
Test_673,0.368048,0.0637733,0.2026975,0.36548126
Test_674,0.3245275,0.06786525,0.20436066,0.4032465
Test_675,0.27144536,0.06947472,0.31398442,0.34509552
Test_676,0.14999685,0.046918664,0.037434325,0.7656501
Test_677,0.35706836,0.052459963,0.285344,0.30512768
Test_678,0.035175115,0.011940965,0.0102070505,0.94267684
Test_679,0.37103167,0.052362595,0.08098788,0.49561787
Test_680,0.4046581,0.05154399,0.26256162,0.28123635
Test_681,0.18453172,0.06947029,0.07765226,0.66834575
Test_682,0.23409866,0.046931002,0.47183967,0.24713066
Test_683,0.30238783,0.070557654,0.13142863,0.49562582
Test_684,0.088205956,0.055816565,0.14061247,0.715365
Test_685,0.3149872,0.06379382,0.10799384,0.5132252
Test_686,0.33897278,0.022578342,0.5802199,0.058228966
Test_687,0.16766049,0.034765903,0.6038367,0.19373693
Test_688,0.43936104,0.03190227,0.3639331,0.16480364
Test_689,0.44047755,0.03810129,0.3696343,0.15178685
Test_690,0.27469498,0.06982793,0.17197171,0.4835054
Test_691,0.18523118,0.07766322,0.2476946,0.489411
Test_692,0.15000805,0.05554751,0.070559345,0.7238851
Test_693,0.5184576,0.036699865,0.24704665,0.19779591
Test_694,0.3128321,0.0693245,0.09607856,0.52176493
Test_695,0.3235632,0.074679606,0.17021205,0.43154517
Test_696,0.23201771,0.09106795,0.23086223,0.44605207
Test_697,0.24003622,0.056054067,0.43820903,0.26570073
Test_698,0.38300934,0.061026778,0.29263833,0.2633256
Test_699,0.3591091,0.058100518,0.09154845,0.49124196
Test_700,0.29129833,0.06616513,0.29859442,0.34394217
Test_701,0.35737932,0.044691022,0.4198262,0.17810352
Test_702,0.4453997,0.035866834,0.4172339,0.10149953
Test_703,0.4551701,0.026150417,0.4706882,0.04799131
Test_704,0.3689697,0.034418553,0.4738817,0.122730106
Test_705,0.08398405,0.052470155,0.11109908,0.75244665
Test_706,0.16380742,0.07394931,0.21463732,0.54760593
Test_707,0.14446457,0.06603464,0.117040515,0.6724603
Test_708,0.3219553,0.07177103,0.24166267,0.36461106
Test_709,0.28782597,0.06469999,0.3673082,0.28016588
Test_710,0.33347043,0.05783134,0.43072784,0.17797045
Test_711,0.33671784,0.046624783,0.37458143,0.2420759
Test_712,0.07224547,0.025944505,0.027222991,0.874587
Test_713,0.10173592,0.05681764,0.11164617,0.72980016
Test_714,0.36163574,0.064176425,0.34606582,0.22812207
Test_715,0.30801302,0.046508316,0.4309288,0.2145499
Test_716,0.3666852,0.053001344,0.13434532,0.44596812
Test_717,0.4897568,0.03970796,0.13816446,0.33237085
Test_718,0.28726855,0.06568379,0.34005824,0.30698946
Test_719,0.55012107,0.045373853,0.3020002,0.10250491
Test_720,0.26426145,0.06869069,0.13382977,0.5332181
Test_721,0.122877456,0.07070222,0.15224087,0.6541794
Test_722,0.2696038,0.075017415,0.15440993,0.5009689
Test_723,0.45573795,0.036494117,0.3270428,0.18072519
Test_724,0.24954896,0.047798082,0.46602848,0.23662443
Test_725,0.23730515,0.052595444,0.5065548,0.2035446
Test_726,0.33428976,0.0367738,0.51770306,0.111233436
Test_727,0.08669299,0.056467343,0.13138309,0.7254566
Test_728,0.24871506,0.059304047,0.059844185,0.6321367
Test_729,0.25416774,0.03934733,0.53619236,0.17029257
Test_730,0.1514094,0.03816663,0.6575609,0.15286307
Test_731,0.2683013,0.055621542,0.3821014,0.29397577
Test_732,0.46218973,0.029240346,0.37510273,0.13346712
Test_733,0.25851527,0.08260022,0.11812098,0.5407635
Test_734,0.30853936,0.05083344,0.41649783,0.2241293
Test_735,0.34143916,0.058369573,0.2954218,0.30476946
Test_736,0.2637466,0.051468145,0.5019606,0.18282463
Test_737,0.4408497,0.034008786,0.43227518,0.092866324
Test_738,0.36531696,0.043053396,0.40959343,0.18203619
Test_739,0.356819,0.03773924,0.4432297,0.16221201
Test_740,0.4184833,0.057704847,0.34586236,0.1779495
Test_741,0.48474145,0.03396014,0.39708674,0.08421173
Test_742,0.61717737,0.019574007,0.2170788,0.1461698
Test_743,0.2094599,0.054506127,0.4739596,0.26207438
Test_744,0.11145341,0.053726207,0.096571095,0.73824924
Test_745,0.19288333,0.08994831,0.22164264,0.49552572
Test_746,0.20877719,0.07276184,0.08543274,0.63302827
Test_747,0.0832446,0.026406314,0.022091752,0.8682573
Test_748,0.30211717,0.049989883,0.47154996,0.17634295
Test_749,0.25259027,0.08314126,0.17311172,0.49115667
Test_750,0.07054556,0.026829839,0.026354033,0.87627053
Test_751,0.37729263,0.04284557,0.3718202,0.20804165
Test_752,0.20573975,0.0696741,0.078331165,0.64625496
Test_753,0.024715256,0.0062187365,0.0053029596,0.96376306
Test_754,0.044981636,0.02221721,0.028495567,0.9043057
Test_755,0.21441418,0.08380055,0.15851896,0.5432663
Test_756,0.35463804,0.07424362,0.32332402,0.24779424
Test_757,0.45250908,0.030439356,0.36762992,0.1494216
Test_758,0.23185974,0.078320764,0.29633027,0.39348918
Test_759,0.39326882,0.045686077,0.36816072,0.19288439
Test_760,0.13185509,0.041927747,0.04928746,0.77692974
Test_761,0.302913,0.05035216,0.37622958,0.27050525
Test_762,0.23914462,0.03819461,0.5276742,0.19498652
Test_763,0.2923382,0.03625046,0.57235086,0.09906044
Test_764,0.4410721,0.030520357,0.03909277,0.4893147
Test_765,0.29922464,0.040669154,0.44717312,0.21293315
Test_766,0.4470955,0.03462461,0.3360095,0.18227029
Test_767,0.4578201,0.07003473,0.26329726,0.2088479
Test_768,0.18360294,0.048326645,0.04178614,0.72628427
Test_769,0.23259321,0.042381413,0.039774477,0.6852509
Test_770,0.44337645,0.042955693,0.29578927,0.21787858
Test_771,0.4013627,0.05317355,0.2210219,0.32444188
Test_772,0.27341315,0.07794502,0.10410608,0.54453576
Test_773,0.27102995,0.06737734,0.31487364,0.34671912
Test_774,0.41815928,0.034554586,0.45207107,0.095215045
Test_775,0.4940132,0.035927556,0.09440983,0.37564942
Test_776,0.3959545,0.055733413,0.20106864,0.34724346
Test_777,0.5138621,0.027375858,0.34997207,0.10878996
Test_778,0.41494673,0.038146485,0.35916343,0.18774343
Test_779,0.19022073,0.07292245,0.11538059,0.62147623
Test_780,0.115486674,0.06106208,0.1291313,0.69432
Test_781,0.18866341,0.021500314,0.7104529,0.07938341
Test_782,0.49281892,0.023220891,0.3537458,0.13021445
Test_783,0.311392,0.06091738,0.28745973,0.34023085
Test_784,0.3110553,0.035018418,0.5676943,0.086231984
Test_785,0.23218463,0.06556797,0.07322227,0.6290251
Test_786,0.37893647,0.03948153,0.41442636,0.16715553
Test_787,0.10149901,0.02932399,0.022565655,0.8466114
Test_788,0.25186914,0.04841349,0.033076547,0.6666409
Test_789,0.44004706,0.05311062,0.23456484,0.2722775
Test_790,0.43675244,0.02683488,0.46497756,0.07143504
Test_791,0.25447023,0.06938959,0.273824,0.40231615
Test_792,0.21642105,0.083302185,0.110867865,0.5894089
Test_793,0.4625374,0.03730333,0.30573815,0.1944211
Test_794,0.14100799,0.06177357,0.483534,0.3136844
Test_795,0.25029448,0.030969093,0.63256,0.086176425
Test_796,0.292523,0.07091729,0.09955384,0.53700584
Test_797,0.23159124,0.06538888,0.07156637,0.63145345
Test_798,0.3931221,0.054022525,0.15950522,0.39335018
Test_799,0.14990507,0.07743042,0.25880778,0.51385677
Test_800,0.53552306,0.031762727,0.0597359,0.3729783
Test_801,0.16430184,0.054954447,0.06555381,0.7151899
Test_802,0.5499858,0.032373264,0.089901805,0.3277391
Test_803,0.08543707,0.0360072,0.044515274,0.8340404
Test_804,0.49575412,0.034840725,0.38255367,0.08685138
Test_805,0.23999712,0.060682148,0.36995205,0.32936865
Test_806,0.44933894,0.050931316,0.28131053,0.21841921
Test_807,0.22569577,0.08905583,0.19634931,0.4888991
Test_808,0.4014257,0.04700396,0.44993925,0.10163104
Test_809,0.23575252,0.079957716,0.18938978,0.4949
Test_810,0.3010956,0.067397065,0.2956792,0.3358281
Test_811,0.2151485,0.024877768,0.6754661,0.08450764
Test_812,0.21506596,0.060285687,0.4586395,0.2660089
Test_813,0.38208768,0.04059907,0.38518003,0.19213317
Test_814,0.18362018,0.08643496,0.36120373,0.36874118
Test_815,0.28720897,0.052650016,0.44363242,0.21650869
Test_816,0.23127803,0.037471376,0.5753801,0.15587051
Test_817,0.068033576,0.045133438,0.1430814,0.74375165
Test_818,0.17079556,0.035340045,0.02679132,0.7670731
Test_819,0.44755465,0.03615507,0.34346065,0.17282958
Test_820,0.27198616,0.041598048,0.59696287,0.089452915
Test_821,0.25672242,0.0649262,0.3940543,0.28429705
Test_822,0.32700476,0.066500306,0.340371,0.26612392
Test_823,0.20350747,0.072760165,0.30224445,0.42148793
Test_824,0.4531282,0.032436866,0.37146872,0.14296615
Test_825,0.25277966,0.04373338,0.53227633,0.17121062
Test_826,0.39212328,0.059241664,0.12830509,0.42032996
Test_827,0.30662835,0.0456934,0.41076007,0.23691826
Test_828,0.24255645,0.09415639,0.16291542,0.50037175
Test_829,0.051042367,0.02699966,0.03788014,0.88407785
Test_830,0.09009075,0.03198941,0.031133933,0.84678596
Test_831,0.115073375,0.07040114,0.14004558,0.6744799
Test_832,0.59942466,0.018897876,0.04105383,0.34062362
Test_833,0.11190967,0.046295755,0.521831,0.31996357
Test_834,0.24320833,0.062354833,0.45949024,0.2349466
Test_835,0.21963641,0.089503966,0.18598318,0.50487643
Test_836,0.12091187,0.05114446,0.4718715,0.3560721
Test_837,0.30533022,0.056338586,0.34683114,0.2915
Test_838,0.48801705,0.037132557,0.09192147,0.38292894
Test_839,0.060481522,0.033367265,0.04513674,0.8610144
Test_840,0.6435139,0.011783975,0.022587853,0.32211417
Test_841,0.44508505,0.030414084,0.3976107,0.12689017
Test_842,0.1337818,0.040618505,0.6821184,0.14348131
Test_843,0.08687492,0.051154565,0.0644566,0.7975139
Test_844,0.3693334,0.050147787,0.41440165,0.16611724
Test_845,0.3476081,0.061588615,0.09400616,0.4967971
Test_846,0.38179186,0.039649464,0.38488886,0.19366983
Test_847,0.3560852,0.03920374,0.42020592,0.18450508
Test_848,0.16523464,0.01143232,0.7974815,0.025851553
Test_849,0.18765637,0.0779279,0.21565755,0.5187582
Test_850,0.38533327,0.056777976,0.25032315,0.30756557
Test_851,0.3794348,0.05836408,0.18311042,0.3790907
Test_852,0.31828812,0.045369767,0.38891155,0.24743058
Test_853,0.072459586,0.021898588,0.020009292,0.88563246
Test_854,0.24215683,0.041386824,0.5210447,0.19541167
Test_855,0.2838054,0.06549712,0.40293938,0.24775815
Test_856,0.39467904,0.053442735,0.18269809,0.36918014
Test_857,0.41132262,0.050098144,0.3899965,0.14858274
Test_858,0.5359386,0.018198702,0.35983324,0.08602942
Test_859,0.3953562,0.036914792,0.35716045,0.21056853
Test_860,0.38738444,0.038508072,0.038028695,0.5360788
Test_861,0.25847977,0.07754461,0.1658672,0.49810842
Test_862,0.077463895,0.047270026,0.10001814,0.775248
Test_863,0.31889188,0.050742507,0.38068426,0.24968138
Test_864,0.3614659,0.031701427,0.47197637,0.13485636
Test_865,0.24890693,0.089550674,0.24135269,0.42018974
Test_866,0.22542931,0.08183534,0.29249856,0.40023673
Test_867,0.27659708,0.03781315,0.49310896,0.19248077
Test_868,0.419195,0.030493362,0.4560953,0.09421632
Test_869,0.058374494,0.03408329,0.04769631,0.85984594
Test_870,0.03180728,0.013950286,0.017433967,0.9368084
Test_871,0.27779877,0.06583436,0.13464761,0.5217193
Test_872,0.28646797,0.04277571,0.46649504,0.20426132
Test_873,0.32281896,0.06610209,0.2364627,0.37461627
Test_874,0.4071719,0.037857085,0.061458863,0.4935122
Test_875,0.44551215,0.045010526,0.39809424,0.11138311
Test_876,0.2207873,0.0633758,0.4072043,0.3086326
Test_877,0.22783266,0.060097266,0.44134587,0.27072424
Test_878,0.24911232,0.0657678,0.3608531,0.32426676
Test_879,0.31237897,0.045254022,0.04322085,0.5991462
Test_880,0.43510652,0.047905747,0.34142396,0.17556377
Test_881,0.36903703,0.04301228,0.4221689,0.16578177
Test_882,0.46545383,0.039730314,0.12344613,0.37136975
Test_883,0.51805663,0.021878127,0.34601608,0.11404918
Test_884,0.28144103,0.054897483,0.38232642,0.28133503
Test_885,0.1591662,0.07298701,0.1358339,0.6320129
Test_886,0.2128197,0.03491484,0.600325,0.1519405
Test_887,0.100949824,0.053504407,0.09924258,0.74630314
Test_888,0.39939147,0.038768336,0.0508796,0.51096064
Test_889,0.39823171,0.045908544,0.4422117,0.11364807
Test_890,0.41270322,0.046044454,0.40838477,0.13286759
Test_891,0.3125817,0.08085887,0.21697478,0.38958463
Test_892,0.2118865,0.082975306,0.24443159,0.46070662
Test_893,0.39763045,0.043059837,0.44835505,0.110954694
Test_894,0.2222522,0.08636297,0.24439856,0.44698626
Test_895,0.6518532,0.013774166,0.27527395,0.05909865
Test_896,0.22965571,0.08358731,0.18777676,0.49898022
Test_897,0.15559013,0.07507917,0.21726131,0.5520694
Test_898,0.25736988,0.07405276,0.12367951,0.54489785
Test_899,0.20269057,0.059665833,0.060607616,0.677036
Test_900,0.14254202,0.071579225,0.2988882,0.48699048
Test_901,0.38289174,0.047605835,0.38030317,0.18919918
Test_902,0.11523735,0.047151648,0.04934109,0.7882699
Test_903,0.2182142,0.08727739,0.1705507,0.52395767
Test_904,0.20998184,0.0031314648,0.7794491,0.007437619
Test_905,0.053755652,0.032964647,0.050465003,0.86281466
Test_906,0.07653903,0.04764059,0.07720896,0.7986114
Test_907,0.14775538,0.06833683,0.101098925,0.6828089
Test_908,0.44860062,0.04500345,0.3891831,0.11721284
Test_909,0.20554218,0.07894987,0.28395382,0.43155408
Test_910,0.2967579,0.019473473,0.63750637,0.046262227
Test_911,0.26499254,0.061623108,0.37431854,0.2990658
Test_912,0.2246811,0.07647195,0.4048269,0.2940201
Test_913,0.25148696,0.055691574,0.45274246,0.24007903
Test_914,0.44606987,0.058326755,0.26500982,0.23059349
Test_915,0.4851686,0.037059784,0.14081195,0.33695966
Test_916,0.1659536,0.08084245,0.26579782,0.48740616
Test_917,0.21324345,0.04310064,0.5612173,0.18243857
Test_918,0.17629854,0.01688834,0.73493797,0.071875125
Test_919,0.515865,0.04277185,0.32923424,0.11212889
Test_920,0.26810583,0.0055262432,0.719004,0.0073639303
Test_921,0.40216693,0.05709714,0.13166155,0.40907443
Test_922,0.26352507,0.056673143,0.30905423,0.37074757
Test_923,0.30374405,0.049122646,0.4517495,0.19538382
Test_924,0.093283854,0.04374268,0.06820269,0.79477084
Test_925,0.21917686,0.08486311,0.13693471,0.55902535
Test_926,0.20701581,0.031696733,0.6186834,0.14260408
Test_927,0.21638584,0.0661535,0.07682734,0.6406333
Test_928,0.20303628,0.073425606,0.24321318,0.4803249
Test_929,0.45331037,0.037979793,0.38916332,0.11954656
Test_930,0.47107738,0.04412303,0.26589465,0.21890493
Test_931,0.17812632,0.084947765,0.23443039,0.5024955
Test_932,0.4876272,0.040169995,0.3653799,0.106822826
Test_933,0.46716172,0.043282926,0.17811333,0.31144202
Test_934,0.47284442,0.04193592,0.2459347,0.23928492
Test_935,0.085335605,0.045270123,0.06305605,0.80633825
Test_936,0.5335846,0.034559943,0.33383527,0.09802023
Test_937,0.25320375,0.070088334,0.4697729,0.20693502
Test_938,0.6638708,0.018145818,0.116592124,0.20139126
Test_939,0.51402026,0.022170845,0.03981105,0.42399785
Test_940,0.13184021,0.070597,0.36339298,0.43416977
Test_941,0.5163818,0.021377848,0.36814782,0.09409247
Test_942,0.42343593,0.043039374,0.40710232,0.12642244
Test_943,0.54157245,0.03149717,0.10053651,0.32639384
Test_944,0.33002728,0.06808581,0.23878893,0.36309794
Test_945,0.08615801,0.05019372,0.082614794,0.78103346
Test_946,0.47016713,0.02938085,0.36621547,0.13423654
Test_947,0.20594831,0.06895756,0.33985984,0.3852343
Test_948,0.3279064,0.06530301,0.2928583,0.31393224
Test_949,0.25033376,0.08174381,0.10924432,0.55867815
Test_950,0.2873291,0.07149923,0.1275375,0.5136342
Test_951,0.17777218,0.05019475,0.5466144,0.22541867
Test_952,0.14865461,0.063199565,0.068959326,0.7191865
Test_953,0.24495462,0.08654157,0.17456335,0.49394053
Test_954,0.41481528,0.050769124,0.35738957,0.17702605
Test_955,0.269804,0.075442225,0.24308914,0.41166466
Test_956,0.4367783,0.05057378,0.38885614,0.12379173
Test_957,0.37291273,0.062578045,0.1313637,0.43314552
Test_958,0.1952539,0.07689222,0.24793644,0.47991735
Test_959,0.32257363,0.048862398,0.47285274,0.15571126
Test_960,0.3257838,0.010721461,0.634267,0.02922787
Test_961,0.14798845,0.028544297,0.6568179,0.16664928
Test_962,0.3283592,0.07070828,0.21164264,0.38928995
Test_963,0.42390025,0.045552745,0.10107466,0.42947242
Test_964,0.7397137,0.011070233,0.10526062,0.14395542
Test_965,0.3133632,0.054658554,0.40286887,0.22910947
Test_966,0.2670113,0.08177039,0.19077584,0.46044248
Test_967,0.26955408,0.05005016,0.42631963,0.25407618
Test_968,0.33829638,0.0679668,0.37765536,0.21608146
Test_969,0.15546294,0.021579646,0.69641286,0.1265445
Test_970,0.08249988,0.036977906,0.045465887,0.83505636
Test_971,0.36133605,0.06910656,0.19079773,0.3787597
Test_972,0.39655745,0.040838253,0.3483634,0.21424086
Test_973,0.3204572,0.05692811,0.43252116,0.19009347
Test_974,0.31713074,0.033391472,0.4925231,0.15695478
Test_975,0.3479671,0.052884236,0.37823364,0.220915
Test_976,0.38081226,0.053608183,0.30778906,0.2577905
Test_977,0.17514436,0.084154315,0.17192574,0.56877553
Test_978,0.27410063,0.07580827,0.09797034,0.5521208
Test_979,0.20176849,0.07882624,0.12748086,0.59192437
Test_980,0.4795387,0.0506531,0.31734005,0.15246813
Test_981,0.35682043,0.047194533,0.37446654,0.22151838
Test_982,0.24924007,0.054733258,0.064977475,0.63104916
Test_983,0.39045462,0.057837926,0.34936267,0.20234483
Test_984,0.32291052,0.06168471,0.3378152,0.27758965
Test_985,0.48578542,0.07125527,0.21289165,0.23006763
Test_986,0.21821879,0.07354504,0.40751985,0.3007163
Test_987,0.15173817,0.059532147,0.4251919,0.36353776
Test_988,0.34335107,0.056269657,0.3171173,0.28326198
Test_989,0.08358137,0.038314242,0.045904744,0.83219963
Test_990,0.3004354,0.03438976,0.5764139,0.088760935
Test_991,0.37788028,0.03570695,0.025240721,0.56117207
Test_992,0.444916,0.033263907,0.44641265,0.07540734
Test_993,0.55105084,0.028077658,0.19419028,0.22668122
Test_994,0.50170743,0.040882364,0.26946872,0.18794143
Test_995,0.28790933,0.048354603,0.4368892,0.22684686
Test_996,0.3734465,0.030354815,0.51591486,0.0802839
Test_997,0.14961864,0.067123145,0.36628422,0.416974
Test_998,0.3161779,0.053176768,0.3440073,0.28663802
Test_999,0.15606037,0.055601858,0.062197987,0.7261398
Test_1000,0.38483655,0.01648613,0.5472874,0.051389962
Test_1001,0.4539144,0.043961123,0.086718455,0.415406
Test_1002,0.25621074,0.07422141,0.26868355,0.4008843
Test_1003,0.40487573,0.05311636,0.41537765,0.12663028
Test_1004,0.41586405,0.048080467,0.41897073,0.11708475
Test_1005,0.47467417,0.036035724,0.3142464,0.1750437
Test_1006,0.275722,0.06294771,0.07825229,0.583078
Test_1007,0.30906713,0.04055274,0.45731,0.19307016
Test_1008,0.21171029,0.07326585,0.3384429,0.376581
Test_1009,0.3093373,0.043284748,0.43791333,0.20946464
Test_1010,0.421953,0.042788,0.3400185,0.19524045
Test_1011,0.23144382,0.044290602,0.5087754,0.21549016
Test_1012,0.2727317,0.034956742,0.5149182,0.17739326
Test_1013,0.38594106,0.0726439,0.350445,0.1909701
Test_1014,0.4092511,0.02816058,0.43474367,0.12784468
Test_1015,0.25522205,0.06436979,0.3385479,0.34186026
Test_1016,0.1797993,0.08388105,0.19208233,0.5442373
Test_1017,0.44714528,0.06381778,0.29359278,0.19544417
Test_1018,0.13185896,0.046354853,0.53264916,0.289137
Test_1019,0.5198712,0.03644364,0.28660315,0.15708202
Test_1020,0.41228834,0.028306043,0.50052035,0.058885276
Test_1021,0.2506081,0.082642466,0.25733158,0.40941787
Test_1022,0.4461982,0.020935018,0.44183403,0.09103273
Test_1023,0.18272468,0.058665916,0.05115463,0.7074548
Test_1024,0.19739673,0.07686139,0.21944283,0.506299
Test_1025,0.17114288,0.054500446,0.049649127,0.72470754
Test_1026,0.5499248,0.03479382,0.13549429,0.27978715
Test_1027,0.7127541,0.0137191685,0.06742427,0.20610242
Test_1028,0.3965863,0.046318337,0.06368833,0.49340707
Test_1029,0.07573625,0.05118395,0.11266452,0.7604152
Test_1030,0.3169764,0.04878023,0.41548595,0.21875744
Test_1031,0.046584655,0.02927365,0.067342184,0.8567994
Test_1032,0.2605781,0.08695871,0.3653294,0.28713378
Test_1033,0.50988567,0.035281766,0.22839636,0.2264362
Test_1034,0.086933665,0.05827628,0.13469945,0.72009057
Test_1035,0.3371612,0.042653363,0.4701572,0.1500282
Test_1036,0.40480816,0.03881923,0.4014851,0.15488753
Test_1037,0.03893569,0.023549771,0.03543811,0.9020764
Test_1038,0.27349824,0.06034234,0.399132,0.26702735
Test_1039,0.36019564,0.06358936,0.40004936,0.1761657
Test_1040,0.15443636,0.056059346,0.063752554,0.7257518
Test_1041,0.2539301,0.076820396,0.27947077,0.38977873
Test_1042,0.18070933,0.049230266,0.52394575,0.24611464
Test_1043,0.30961078,0.058513373,0.3865563,0.24531959
Test_1044,0.52069753,0.03503099,0.08248279,0.36178866
Test_1045,0.35527986,0.039927647,0.45987552,0.14491692
Test_1046,0.5496863,0.023896068,0.31470525,0.11171239
Test_1047,0.20405999,0.044480853,0.5429579,0.2085013
Test_1048,0.27691957,0.0724667,0.27028194,0.38033184
Test_1049,0.29171187,0.07007371,0.27450216,0.36371228
Test_1050,0.43671727,0.033441845,0.3542087,0.17563212
Test_1051,0.22591889,0.08349909,0.1697283,0.5208537
Test_1052,0.40169576,0.049179163,0.30396762,0.24515745
Test_1053,0.21779522,0.082947895,0.22572821,0.47352868
Test_1054,0.3603759,0.057209488,0.43886253,0.14355199
Test_1055,0.18184046,0.046830114,0.044168875,0.7271606
Test_1056,0.5312776,0.015774354,0.38974908,0.06319898
Test_1057,0.17367302,0.03389202,0.5752776,0.21715733
Test_1058,0.039417826,0.01751207,0.016116,0.92695415
Test_1059,0.43295354,0.039098073,0.3832577,0.14469075
Test_1060,0.35141873,0.06326123,0.44062322,0.14469679
Test_1061,0.23854892,0.08793783,0.19210842,0.48140487
Test_1062,0.071656086,0.03980848,0.05679411,0.83174133
Test_1063,0.39881593,0.040713847,0.37429574,0.1861745
Test_1064,0.21486782,0.041654363,0.5179786,0.2254992
Test_1065,0.112151444,0.040854663,0.037056737,0.8099371
Test_1066,0.12018196,0.04487304,0.04932667,0.78561836
Test_1067,0.36457184,0.04521292,0.43685815,0.15335704
Test_1068,0.12598556,0.04129036,0.6480608,0.18466334
Test_1069,0.3553997,0.061727725,0.26935017,0.3135224
Test_1070,0.312788,0.061811976,0.420335,0.20506503
Test_1071,0.19445366,0.08086132,0.123919666,0.60076535
Test_1072,0.3315041,0.053478315,0.31945735,0.29556018
Test_1073,0.5199072,0.022583593,0.35157052,0.10593865
Test_1074,0.035159048,0.028544318,0.13832697,0.79796964
Test_1075,0.095979206,0.049744125,0.09517952,0.75909716
Test_1076,0.072716184,0.03091227,0.03113687,0.8652346
Test_1077,0.16776147,0.039887592,0.5938914,0.19845954
Test_1078,0.43919,0.036134187,0.42786512,0.096810676
Test_1079,0.31906173,0.069176495,0.1267981,0.48496374
Test_1080,0.38689756,0.034055,0.47926316,0.09978437
Test_1081,0.20187773,0.079882376,0.2042682,0.51397175
Test_1082,0.18256573,0.03730211,0.03216144,0.7479707
Test_1083,0.44103238,0.05066321,0.18146868,0.3268357
Test_1084,0.25516033,0.0536616,0.41399723,0.27718085
Test_1085,0.17402403,0.051946994,0.48106802,0.29296094
Test_1086,0.16339315,0.05849136,0.4328003,0.3453152
Test_1087,0.3816173,0.0564991,0.42594185,0.1359417
Test_1088,0.20662604,0.079033144,0.2748846,0.43945616
Test_1089,0.07787171,0.046949238,0.07818028,0.79699874
Test_1090,0.1376674,0.0736182,0.15631485,0.63239956
Test_1091,0.31793603,0.06797526,0.20922016,0.40486854
Test_1092,0.25423813,0.06803202,0.2834302,0.39429972
Test_1093,0.29647836,0.07234806,0.20086394,0.43030956
Test_1094,0.15292071,0.056845576,0.06634105,0.7238926
Test_1095,0.3220219,0.046279997,0.402893,0.22880512
Test_1096,0.46829605,0.025279295,0.39384162,0.11258297
Test_1097,0.26196775,0.0692828,0.31187186,0.35687757
Test_1098,0.26314282,0.08534776,0.16742282,0.4840866
Test_1099,0.3997353,0.040197976,0.4477256,0.11234122
Test_1100,0.34720635,0.06379119,0.19822016,0.3907823
Test_1101,0.57532096,0.041796237,0.23772967,0.14515315
Test_1102,0.2058452,0.065317616,0.4017725,0.3270647
Test_1103,0.753198,0.010868892,0.14887165,0.0870615
Test_1104,0.6986424,0.012952309,0.20710821,0.08129708
Test_1105,0.39047024,0.04178845,0.3738757,0.1938656
Test_1106,0.18716432,0.05002319,0.58026004,0.18255246
Test_1107,0.26786828,0.034562025,0.5695153,0.12805443
Test_1108,0.4936979,0.028703578,0.34698477,0.13061371
Test_1109,0.31981605,0.07202119,0.15975805,0.4484047
Test_1110,0.3025537,0.038263522,0.53645104,0.1227317
Test_1111,0.26065633,0.038246796,0.4774678,0.22362904
Test_1112,0.049874626,0.025214592,0.030862259,0.8940485
Test_1113,0.66517293,0.015230303,0.25261474,0.06698194
Test_1114,0.36972758,0.036609445,0.42205265,0.17161036
Test_1115,0.2297568,0.055986077,0.36875933,0.34549782
Test_1116,0.3217821,0.04590026,0.45863572,0.1736819
Test_1117,0.44012758,0.04938815,0.33226132,0.17822297
Test_1118,0.24567996,0.0778772,0.31449258,0.36195028
Test_1119,0.28436422,0.04990112,0.4747344,0.19100031
Test_1120,0.37855172,0.049656313,0.3102713,0.26152056
Test_1121,0.45351124,0.056428056,0.31731424,0.17274655
Test_1122,0.2644156,0.035609562,0.5665316,0.13344322
Test_1123,0.15044805,0.07330346,0.25466415,0.52158433
Test_1124,0.3202207,0.040658034,0.5395641,0.09955714
Test_1125,0.5307677,0.0381633,0.08716958,0.34389946
Test_1126,0.20005658,0.06311187,0.42025158,0.31658
Test_1127,0.37140748,0.062693104,0.23040748,0.33549193
Test_1128,0.2794343,0.0674857,0.36013946,0.29294056
Test_1129,0.42944258,0.052528765,0.17604166,0.341987
Test_1130,0.11981866,0.06498908,0.15421979,0.6609724
Test_1131,0.14530651,0.06877598,0.33093956,0.45497793
Test_1132,0.37057787,0.06885654,0.26189327,0.29867238
Test_1133,0.4133532,0.038193606,0.38582158,0.16263156
Test_1134,0.41910732,0.044288367,0.066769645,0.4698347
Test_1135,0.20385168,0.06782314,0.38457125,0.34375402
Test_1136,0.34489325,0.054133963,0.35249534,0.24847741
Test_1137,0.8191003,0.0058957194,0.07486126,0.100142695
Test_1138,0.084571354,0.039603498,0.051202085,0.8246231
Test_1139,0.31672642,0.05546523,0.39194876,0.23585956
Test_1140,0.18212333,0.060054272,0.07554978,0.68227255
Test_1141,0.26539505,0.07987787,0.30085847,0.3538686
Test_1142,0.0888328,0.02149592,0.015637795,0.87403345
Test_1143,0.46881184,0.0301525,0.056686267,0.44434932
Test_1144,0.36082712,0.047424175,0.354605,0.23714371
Test_1145,0.3704274,0.035835285,0.4389985,0.15473881
Test_1146,0.2869045,0.07675148,0.17370686,0.46263716
Test_1147,0.8864474,0.0031557677,0.04152804,0.068868674
Test_1148,0.15212016,0.079922155,0.12759554,0.64036214
Test_1149,0.36648518,0.051470503,0.07843052,0.5036138
Test_1150,0.15235868,0.060587805,0.38461378,0.4024397
Test_1151,0.43451652,0.029893303,0.42992288,0.10566731
Test_1152,0.08515754,0.04663679,0.062506974,0.80569875
Test_1153,0.42677444,0.026359998,0.46962464,0.07724095
Test_1154,0.32595924,0.026897945,0.51379687,0.13334599
Test_1155,0.1522007,0.06927102,0.35575935,0.422769
Test_1156,0.46823928,0.035464756,0.39747706,0.09881894
Test_1157,0.30895,0.031962764,0.5420826,0.11700468
Test_1158,0.32759625,0.057692483,0.34707725,0.267634
Test_1159,0.32020107,0.0713008,0.24374908,0.36474904
Test_1160,0.23631342,0.078374684,0.12599236,0.55931956
Test_1161,0.5312216,0.0223773,0.34523883,0.10116219
Test_1162,0.37705916,0.037366506,0.42567527,0.15989906
Test_1163,0.44047076,0.035074674,0.06640595,0.45804867
Test_1164,0.42263728,0.04889603,0.40456536,0.12390128
Test_1165,0.22725224,0.07009914,0.35630742,0.34634125
Test_1166,0.17166863,0.07226363,0.2293216,0.5267462
Test_1167,0.23969004,0.025853332,0.61391675,0.120539814
Test_1168,0.45298895,0.040715948,0.25751916,0.24877591
Test_1169,0.51412374,0.029480552,0.3263405,0.13005519
Test_1170,0.27462104,0.04322641,0.45671237,0.2254401
Test_1171,0.24139109,0.04473323,0.03967405,0.6742016
Test_1172,0.48480478,0.03147922,0.406977,0.076739
Test_1173,0.21169692,0.05290058,0.5340081,0.20139444
Test_1174,0.25069284,0.087130845,0.2217176,0.4404587
Test_1175,0.26188052,0.050519574,0.5295697,0.15803026
Test_1176,0.44019243,0.024653943,0.47928548,0.05586808
Test_1177,0.46084812,0.0455245,0.1491411,0.34448627
Test_1178,0.3389379,0.067838274,0.23806852,0.35515532
Test_1179,0.37012663,0.022665847,0.55849946,0.048708096
Test_1180,0.5213721,0.04907953,0.32373455,0.10581389
Test_1181,0.36982095,0.037504397,0.42841887,0.1642558
Test_1182,0.39166954,0.036717303,0.3961619,0.17545122
Test_1183,0.102462776,0.044020995,0.051736586,0.8017796
Test_1184,0.1270628,0.020396488,0.77235854,0.080182135
Test_1185,0.11496314,0.062075045,0.1018926,0.7210692
Test_1186,0.49486622,0.049765706,0.17415349,0.28121454
Test_1187,0.30086493,0.034675974,0.4753543,0.18910475
Test_1188,0.25455368,0.055078387,0.4470792,0.24328879
Test_1189,0.20643872,0.046146855,0.53423166,0.21318276
Test_1190,0.20096569,0.06865873,0.33068776,0.3996879
Test_1191,0.108882725,0.05761524,0.11983614,0.7136659
Test_1192,0.11792534,0.049573928,0.055991683,0.776509
Test_1193,0.3506781,0.027652577,0.49648768,0.12518173
Test_1194,0.1743405,0.02435114,0.71589744,0.08541093
Test_1195,0.21941857,0.07390725,0.10882174,0.59785247
Test_1196,0.23350939,0.060511783,0.34443212,0.3615467
Test_1197,0.12964049,0.08778707,0.23145041,0.551122
Test_1198,0.34652686,0.06694301,0.389358,0.19717214
Test_1199,0.29296637,0.055208568,0.3592103,0.29261476
Test_1200,0.3284595,0.043135535,0.45119643,0.17720854
Test_1201,0.36183563,0.02910219,0.5106791,0.09838312
Test_1202,0.1243383,0.051635675,0.52284604,0.30117995
Test_1203,0.29368088,0.0405107,0.5101605,0.15564792
Test_1204,0.7444819,0.0104918815,0.05159951,0.19342661
Test_1205,0.21949248,0.07824399,0.36215606,0.3401074
Test_1206,0.7184931,0.0112747485,0.07906557,0.19116656
Test_1207,0.32343668,0.05433056,0.41687864,0.20535411
Test_1208,0.4414636,0.02495492,0.42535755,0.108223945
Test_1209,0.41460112,0.052741364,0.3421506,0.19050685
Test_1210,0.26364326,0.077562265,0.22853489,0.43025953
Test_1211,0.37919918,0.046856306,0.3717546,0.20218992
Test_1212,0.12799954,0.049873237,0.054362442,0.7677647
Test_1213,0.34996268,0.032164034,0.5129542,0.104919165
Test_1214,0.3424711,0.048091404,0.3784729,0.23096462
Test_1215,0.12918898,0.06574767,0.23100722,0.57405615
Test_1216,0.41994596,0.040433727,0.3113359,0.22828439
Test_1217,0.6417762,0.022239737,0.11568388,0.22030017
Test_1218,0.4044145,0.054441962,0.17444316,0.36670044
Test_1219,0.33928555,0.060267735,0.46972552,0.13072117
Test_1220,0.24785775,0.06397912,0.092485726,0.5956773
Test_1221,0.19366138,0.05490778,0.05221706,0.6992138
Test_1222,0.28154197,0.05080943,0.52950627,0.1381423
Test_1223,0.22164229,0.06881848,0.08132237,0.6282169
Test_1224,0.3515601,0.057681736,0.14376925,0.44698888
Test_1225,0.4063133,0.04384076,0.31170526,0.23814061
Test_1226,0.35456926,0.022460101,0.5737642,0.049206477
Test_1227,0.42360327,0.040506892,0.4507269,0.08516289
Test_1228,0.22031593,0.056427874,0.0722639,0.6509923
Test_1229,0.16511324,0.027172552,0.6943312,0.11338295
Test_1230,0.16271919,0.07431355,0.22358759,0.53937966
Test_1231,0.3081209,0.07477846,0.21393095,0.40316963
Test_1232,0.34833926,0.0067710555,0.6312534,0.013636314
Test_1233,0.2252064,0.043472666,0.5566333,0.17468762
Test_1234,0.31478682,0.019448703,0.59640557,0.06935891
Test_1235,0.35079852,0.056486506,0.325684,0.26703092
Test_1236,0.29068896,0.06835134,0.08964707,0.5513126
Test_1237,0.340092,0.06792034,0.15991528,0.4320724
Test_1238,0.16783854,0.018582005,0.7705238,0.043055605
Test_1239,0.11130573,0.056142256,0.07776994,0.7547821
Test_1240,0.41514918,0.02509642,0.441269,0.11848536
Test_1241,0.36077195,0.025384553,0.5152205,0.09862301
Test_1242,0.38319334,0.04667418,0.078567,0.49156547
Test_1243,0.7128998,0.010835606,0.21080922,0.06545534
Test_1244,0.3999062,0.048098106,0.3465557,0.20543995
Test_1245,0.14950876,0.074038394,0.16618322,0.6102696
Test_1246,0.04319096,0.019799728,0.032992385,0.9040169
Test_1247,0.42207602,0.047360767,0.26122576,0.26933745
Test_1248,0.07291403,0.052845452,0.11350332,0.7607372
Test_1249,0.08239647,0.05421061,0.14244527,0.7209476
Test_1250,0.11593463,0.06618109,0.29602802,0.5218563
Test_1251,0.17756286,0.07188613,0.37579995,0.37475103
Test_1252,0.55330735,0.031465948,0.17512962,0.24009708
Test_1253,0.30345383,0.059074674,0.37238216,0.26508936
Test_1254,0.25813034,0.08156517,0.2977042,0.36260027
Test_1255,0.18229362,0.07264961,0.09865729,0.6463995
Test_1256,0.47736418,0.030790959,0.42117658,0.07066832
Test_1257,0.17199984,0.07842229,0.22775607,0.5218218
Test_1258,0.15395492,0.07456398,0.11242533,0.65905577
Test_1259,0.39352027,0.030031918,0.4216681,0.15477979
Test_1260,0.30833235,0.05661196,0.39490038,0.2401554
Test_1261,0.24194367,0.08328202,0.19944343,0.47533095
Test_1262,0.5347371,0.034893706,0.3192468,0.111122355
Test_1263,0.07259949,0.024183728,0.022905407,0.8803113
Test_1264,0.36141446,0.051785123,0.4429934,0.14380704
Test_1265,0.2723796,0.06767457,0.32044515,0.33950073
Test_1266,0.3490824,0.057336025,0.28343007,0.3101515
Test_1267,0.8340058,0.004108398,0.017673902,0.14421192
Test_1268,0.17973298,0.052038416,0.048045106,0.7201835
Test_1269,0.28976184,0.04950103,0.43728566,0.2234515
Test_1270,0.22767964,0.07654746,0.29772833,0.39804456
Test_1271,0.4464118,0.03040956,0.39478186,0.12839676
Test_1272,0.23862565,0.043777242,0.4871331,0.23046403
Test_1273,0.54374427,0.021790711,0.34271514,0.09174987
Test_1274,0.13330387,0.076870695,0.23198134,0.55784404
Test_1275,0.33436278,0.039723236,0.5366706,0.08924334
Test_1276,0.36364934,0.03660848,0.40497082,0.19477136
Test_1277,0.5298725,0.04238554,0.24422964,0.1835124
Test_1278,0.34619918,0.049673762,0.38096824,0.22315876
Test_1279,0.24029769,0.04190412,0.5610863,0.15671188
Test_1280,0.19041352,0.045408294,0.03279407,0.73138404
Test_1281,0.25572592,0.06823336,0.09116055,0.5848801
Test_1282,0.3032968,0.043678913,0.4678902,0.18513411
Test_1283,0.15616494,0.06204949,0.08591346,0.69587207
Test_1284,0.5928842,0.019885655,0.038787212,0.34844297
Test_1285,0.09965931,0.045305803,0.044963825,0.8100711
Test_1286,0.4015885,0.051475987,0.1326921,0.41424346
Test_1287,0.2386571,0.064138375,0.34133652,0.35586798
Test_1288,0.29739445,0.061144315,0.39002907,0.25143215
Test_1289,0.26398778,0.075187266,0.12698974,0.53383523
Test_1290,0.3548829,0.055067923,0.35793275,0.23211646
Test_1291,0.37501466,0.066488914,0.15174396,0.4067525
Test_1292,0.06282594,0.037232112,0.06395447,0.8359875
Test_1293,0.26531532,0.07914699,0.12018632,0.5353514
Test_1294,0.3112232,0.053005125,0.33837423,0.2973974
Test_1295,0.22028792,0.07247749,0.10922044,0.5980142
Test_1296,0.12233655,0.032805055,0.023995845,0.8208626
Test_1297,0.082408,0.040254492,0.05456949,0.82276803
Test_1298,0.14886498,0.05446288,0.06593232,0.73073983
Test_1299,0.35289794,0.02477228,0.5473633,0.07496649
Test_1300,0.39683282,0.041647416,0.39023158,0.17128812
Test_1301,0.35159057,0.04795329,0.4918132,0.10864283
Test_1302,0.3558327,0.047981784,0.4388723,0.15731321
Test_1303,0.5213603,0.024710188,0.33237544,0.121554084
Test_1304,0.120428406,0.011780044,0.8354736,0.032317985
Test_1305,0.34800804,0.034647852,0.4897614,0.12758276
Test_1306,0.53351325,0.025480762,0.29582497,0.14518103
Test_1307,0.13956806,0.07181983,0.3315052,0.45710698
Test_1308,0.384604,0.021627774,0.540538,0.0532302
Test_1309,0.22572492,0.055912677,0.0636809,0.6546815
Test_1310,0.27902305,0.03951912,0.02574898,0.65570885
Test_1311,0.32556596,0.046147104,0.45697072,0.17131622
Test_1312,0.2598924,0.0657454,0.07898442,0.5953778
Test_1313,0.44686934,0.03772164,0.29582617,0.21958281
Test_1314,0.1215285,0.0255132,0.70334184,0.14961648
Test_1315,0.23661074,0.053669542,0.44544956,0.26427013
Test_1316,0.30793607,0.07399765,0.19867769,0.4193886
Test_1317,0.27919832,0.051180325,0.3706638,0.29895756
Test_1318,0.13490857,0.07608614,0.1327892,0.6562161
Test_1319,0.37909833,0.05261177,0.2936389,0.274651
Test_1320,0.093637586,0.022064095,0.014770183,0.8695281
Test_1321,0.22713934,0.042086177,0.03922783,0.6915467
Test_1322,0.20903249,0.045935895,0.5772217,0.16780992
Test_1323,0.40096062,0.041309394,0.37213755,0.18559249
Test_1324,0.20182082,0.06615609,0.3315599,0.40046322
Test_1325,0.2581955,0.08339466,0.11620656,0.5422033
Test_1326,0.15402934,0.07225269,0.106336646,0.6673813
Test_1327,0.108646095,0.052703194,0.069098674,0.769552
Test_1328,0.43508038,0.04045065,0.29791576,0.22655322
Test_1329,0.17405121,0.03903123,0.0336173,0.75330025
Test_1330,0.1773734,0.07889965,0.1317213,0.61200565
Test_1331,0.2598741,0.06798401,0.44662732,0.22551459
Test_1332,0.25509244,0.046645466,0.5658257,0.13243641
Test_1333,0.18528521,0.0721329,0.117526524,0.6250553
Test_1334,0.2627329,0.057211637,0.350259,0.32979652
Test_1335,0.20892711,0.087855935,0.19538113,0.5078358
Test_1336,0.1435846,0.0806002,0.35346785,0.4223474
Test_1337,0.01610214,0.006084173,0.006939556,0.970874
Test_1338,0.18139906,0.08828793,0.21645638,0.5138566
Test_1339,0.2968327,0.049276136,0.5099633,0.14392792
Test_1340,0.06848869,0.03925811,0.05946842,0.83278483
Test_1341,0.36473873,0.04896761,0.3485908,0.23770283
Test_1342,0.2358641,0.06287126,0.074762106,0.6265026
Test_1343,0.34199125,0.059890803,0.3914911,0.20662683
Test_1344,0.3833642,0.046380438,0.4282211,0.1420343
Test_1345,0.12054313,0.04986141,0.059046756,0.77054864
Test_1346,0.17844339,0.04370384,0.53437257,0.24348019
Test_1347,0.16034107,0.054337278,0.067517675,0.717804
Test_1348,0.5417748,0.029894417,0.15159138,0.2767394
Test_1349,0.0958813,0.01898046,0.009159509,0.8759787
Test_1350,0.26349863,0.071930975,0.3130044,0.351566
Test_1351,0.276199,0.0550965,0.07396764,0.5947369
Test_1352,0.6155777,0.023868153,0.24736898,0.11318516
Test_1353,0.23236044,0.063599914,0.32697514,0.37706453
Test_1354,0.41310835,0.055649266,0.19583055,0.33541176
Test_1355,0.20393491,0.08257613,0.31667563,0.39681336
Test_1356,0.4139364,0.030679911,0.41616723,0.13921647
Test_1357,0.20978019,0.08163307,0.27073535,0.43785137
Test_1358,0.2518061,0.06538714,0.09320789,0.58959883
Test_1359,0.32699904,0.062437322,0.26227468,0.348289
Test_1360,0.10573098,0.04375789,0.043833382,0.80667764
Test_1361,0.5289878,0.020765662,0.3455445,0.10470201
Test_1362,0.23142809,0.058337856,0.053164054,0.65707
Test_1363,0.732083,0.009492553,0.030384203,0.22804019
Test_1364,0.33498076,0.052634995,0.36014575,0.25223848
Test_1365,0.305532,0.068190806,0.22270986,0.40356737
Test_1366,0.1702519,0.05752648,0.30831954,0.46390206
Test_1367,0.3177499,0.042204298,0.4179456,0.2221002
Test_1368,0.5103097,0.04666236,0.21544114,0.22758678
Test_1369,0.42131376,0.053717382,0.37104416,0.15392472
Test_1370,0.384677,0.04710953,0.44209146,0.12612203
Test_1371,0.38973108,0.056312475,0.13415208,0.41980445
Test_1372,0.56009734,0.022302486,0.3114001,0.106200024
Test_1373,0.18296647,0.0333194,0.023176182,0.760538
Test_1374,0.36315143,0.03527273,0.492356,0.10921989
Test_1375,0.43773884,0.0354233,0.40960467,0.11723325
Test_1376,0.46998462,0.03506136,0.3967533,0.0982007
Test_1377,0.28093976,0.05222366,0.4008823,0.26595432
Test_1378,0.31123418,0.023987303,0.61617583,0.04860264
Test_1379,0.41503683,0.041562375,0.06808227,0.4753185
Test_1380,0.11447382,0.05571616,0.08643387,0.74337614
Test_1381,0.3820422,0.05225708,0.09565524,0.47004545
Test_1382,0.3417996,0.06051679,0.29665372,0.30102992
Test_1383,0.28022462,0.07815305,0.16980924,0.47181308
Test_1384,0.3925478,0.04630583,0.32621843,0.23492804
Test_1385,0.23583624,0.08356886,0.1901391,0.49045575
Test_1386,0.3093724,0.049372923,0.47743645,0.16381827
Test_1387,0.2022924,0.077966064,0.30899835,0.41074318
Test_1388,0.4039056,0.028833192,0.43813318,0.12912807
Test_1389,0.25420228,0.066533655,0.34659332,0.33267072
Test_1390,0.3671459,0.07043811,0.19898696,0.3634291
Test_1391,0.3641703,0.051434882,0.47440535,0.10998941
Test_1392,0.35332894,0.06267633,0.22193903,0.3620557
Test_1393,0.25134474,0.043827776,0.5115504,0.19327705
Test_1394,0.19941612,0.08645259,0.30028602,0.41384527
Test_1395,0.43998167,0.03334756,0.39968556,0.12698524
Test_1396,0.11049395,0.05206287,0.0697801,0.7676631
Test_1397,0.06836053,0.025886796,0.02075545,0.8849973
Test_1398,0.100263394,0.04371132,0.05612524,0.79990005
Test_1399,0.22338043,0.041093897,0.5363752,0.19915046
Test_1400,0.18128449,0.027786287,0.6966561,0.094273135
Test_1401,0.44234133,0.04153006,0.32376814,0.19236046
Test_1402,0.21183276,0.057664774,0.43292573,0.29757676
Test_1403,0.26470292,0.05375986,0.37041554,0.3111217
Test_1404,0.45327014,0.06443164,0.21479817,0.26750007
Test_1405,0.24486016,0.07012149,0.28615746,0.3988609
Test_1406,0.5649452,0.027528044,0.22964026,0.1778865
Test_1407,0.5231517,0.053438928,0.2469334,0.17647594
Test_1408,0.41945657,0.048013724,0.3237496,0.20878
Test_1409,0.3214833,0.0385531,0.49226978,0.14769386
Test_1410,0.19889264,0.04808782,0.047177527,0.705842
Test_1411,0.35838345,0.06627705,0.12227154,0.45306787
Test_1412,0.23877394,0.03512716,0.64028627,0.08581258
Test_1413,0.5221462,0.029656513,0.3162821,0.13191515
Test_1414,0.2528998,0.0805589,0.24624947,0.42029178
Test_1415,0.24460198,0.06959163,0.09265807,0.59314835
Test_1416,0.544487,0.034509007,0.30239975,0.118604235
Test_1417,0.1477828,0.06795208,0.082220666,0.70204455
Test_1418,0.18760686,0.07107362,0.08681046,0.65450907
Test_1419,0.4523795,0.040702373,0.41526002,0.09165813
Test_1420,0.5223154,0.041038115,0.25840178,0.1782447
Test_1421,0.49004146,0.04093252,0.3514303,0.1175958
Test_1422,0.2706585,0.07106142,0.08432847,0.57395166
Test_1423,0.16106683,0.08261184,0.27975193,0.4765694
Test_1424,0.1269853,0.028650919,0.70017654,0.14418729
Test_1425,0.22353086,0.045427393,0.52721477,0.20382698
Test_1426,0.33681682,0.04408362,0.4527458,0.16635379
Test_1427,0.20782349,0.0662437,0.41539246,0.31054038
Test_1428,0.22464272,0.079438366,0.13136922,0.5645497
Test_1429,0.16390778,0.08099593,0.1779172,0.57717913
Test_1430,0.18440343,0.03963635,0.028357022,0.7476032
Test_1431,0.24086508,0.066463135,0.33571985,0.35695192
Test_1432,0.3132122,0.076626696,0.13946341,0.47069767
Test_1433,0.43575746,0.041315164,0.31738836,0.20553912
Test_1434,0.20785856,0.075193666,0.32686633,0.3900815
Test_1435,0.2726449,0.071296014,0.20028053,0.45577845
Test_1436,0.28630656,0.0738467,0.22674604,0.41310072
Test_1437,0.26665375,0.07998343,0.20507386,0.44828895
Test_1438,0.20791663,0.082782306,0.18814127,0.5211598
Test_1439,0.36437267,0.025664262,0.5479367,0.06202639
Test_1440,0.0611863,0.02407341,0.027791562,0.88694865
Test_1441,0.544413,0.027418213,0.07508216,0.3530866
Test_1442,0.10924424,0.056049116,0.078751296,0.75595534
Test_1443,0.4272822,0.04829057,0.32064927,0.203778
Test_1444,0.40327525,0.026817353,0.4915733,0.078334026
Test_1445,0.4196487,0.028870335,0.4269832,0.124497674
Test_1446,0.2837209,0.055301897,0.4990722,0.161905
Test_1447,0.24327031,0.083612494,0.26956475,0.40355238
Test_1448,0.2903934,0.049255747,0.40711215,0.25323868
Test_1449,0.16295697,0.053366248,0.57887113,0.20480561
Test_1450,0.51595557,0.044396937,0.3207323,0.11891522
Test_1451,0.36633405,0.041257024,0.43854737,0.15386145
Test_1452,0.37628752,0.05926083,0.387011,0.17744067
Test_1453,0.27718577,0.056683216,0.38957852,0.2765525
Test_1454,0.23162027,0.083402015,0.29803663,0.38694108
Test_1455,0.47500408,0.037562665,0.29592955,0.19150372
Test_1456,0.21758024,0.03214255,0.6090364,0.1412408
Test_1457,0.07693315,0.045492377,0.07805324,0.79952115
Test_1458,0.11334491,0.065630995,0.11296137,0.70806277
Test_1459,0.20887649,0.0567098,0.05867305,0.67574066
Test_1460,0.2162454,0.09166705,0.20445617,0.48763135
Test_1461,0.3922531,0.035691958,0.3866884,0.1853665
Test_1462,0.6234447,0.0230226,0.21953604,0.13399667
Test_1463,0.2532574,0.06816751,0.323794,0.35478112
Test_1464,0.22496288,0.059752163,0.075738885,0.6395461
Test_1465,0.35332954,0.06226919,0.33370394,0.25069734
Test_1466,0.18358766,0.038773894,0.5969911,0.18064734
Test_1467,0.32931852,0.06689759,0.2719724,0.33181152
Test_1468,0.31050393,0.052856166,0.35830766,0.27833226
Test_1469,0.36811185,0.055076163,0.31969595,0.25711608
Test_1470,0.19389272,0.052350264,0.5804671,0.17328992
Test_1471,0.22015557,0.048670415,0.53424054,0.19693345
Test_1472,0.054261297,0.0242263,0.024360646,0.8971517
Test_1473,0.32356566,0.047214676,0.3718014,0.2574183
Test_1474,0.20450556,0.074434444,0.297407,0.42365295
Test_1475,0.4292707,0.026005413,0.4149218,0.12980205
Test_1476,0.25639805,0.05550416,0.427263,0.2608348
Test_1477,0.762953,0.0061116964,0.19672811,0.034207154
Test_1478,0.38090804,0.048834387,0.0699863,0.5002713
Test_1479,0.25250307,0.073548,0.27668047,0.39726838
Test_1480,0.5949517,0.029755853,0.25577307,0.119519375
Test_1481,0.22003835,0.032027684,0.5996567,0.14827728
Test_1482,0.4757843,0.039588954,0.1809534,0.30367336
Test_1483,0.48493627,0.025797704,0.35752526,0.1317407
Test_1484,0.26066148,0.0718079,0.23334858,0.43418205
Test_1485,0.19559947,0.051788997,0.45580342,0.29680815
Test_1486,0.22639829,0.06899862,0.11948694,0.58511615
Test_1487,0.1513686,0.047679026,0.5375185,0.2634339
Test_1488,0.38899583,0.03737703,0.47295228,0.10067489
Test_1489,0.32916543,0.06333701,0.3300764,0.2774212
Test_1490,0.2052275,0.060087845,0.08685904,0.64782566
Test_1491,0.08509864,0.026963325,0.022696637,0.8652414
Test_1492,0.25977054,0.054017037,0.4116206,0.27459177
Test_1493,0.340974,0.0656173,0.28155887,0.3118499
Test_1494,0.29350606,0.04403724,0.45657945,0.20587732
Test_1495,0.2889837,0.06303451,0.078410186,0.5695716
Test_1496,0.2800146,0.04470908,0.44142753,0.23384878
Test_1497,0.20155464,0.047403276,0.52925223,0.2217898
Test_1498,0.36727422,0.04761147,0.3145276,0.27058673
Test_1499,0.35165837,0.045385685,0.43105203,0.17190391
Test_1500,0.2670622,0.026972758,0.59477204,0.11119294
Test_1501,0.24501255,0.06840399,0.3947623,0.29182112
Test_1502,0.40632176,0.047307476,0.09982652,0.44654426
Test_1503,0.42502788,0.023208769,0.49595192,0.055811338
Test_1504,0.30434588,0.027116818,0.53094256,0.13759471
Test_1505,0.32105199,0.07523581,0.28847906,0.31523317
Test_1506,0.38698867,0.039383397,0.4058365,0.16779149
Test_1507,0.22988221,0.05341558,0.04832698,0.6683752
Test_1508,0.14088261,0.07290108,0.44075444,0.3454618
Test_1509,0.10817105,0.054795146,0.08813004,0.74890375
Test_1510,0.15843377,0.07339082,0.29622138,0.47195402
Test_1511,0.2606369,0.062273186,0.082829885,0.59426
Test_1512,0.12876254,0.07035218,0.116010115,0.68487513
Test_1513,0.46710292,0.033267673,0.4246359,0.07499343
Test_1514,0.16919543,0.05261248,0.43695,0.34124207
Test_1515,0.42501113,0.028234083,0.42401895,0.12273584
Test_1516,0.20690298,0.03028427,0.018032057,0.74478066
Test_1517,0.27318263,0.06459247,0.29146612,0.37075874
Test_1518,0.22398989,0.06665832,0.3335021,0.37584972
Test_1519,0.49178854,0.027330907,0.41338784,0.06749269
Test_1520,0.04488835,0.009762614,0.0058677895,0.9394813
Test_1521,0.38853133,0.061614156,0.25318518,0.29666933
Test_1522,0.26476482,0.035797164,0.5286625,0.17077547
Test_1523,0.1168558,0.045091167,0.04906103,0.788992
Test_1524,0.15114984,0.0036853086,0.83814514,0.00701968
Test_1525,0.117336884,0.01586713,0.7665877,0.10020831
Test_1526,0.04486107,0.023756891,0.04260094,0.8887811
Test_1527,0.4965334,0.029691,0.053750984,0.4200246
Test_1528,0.12794134,0.001416884,0.86705077,0.003590982
Test_1529,0.119866416,0.0031658092,0.87036145,0.006606323
Test_1530,0.23894201,0.08165514,0.13784486,0.54155797
Test_1531,0.4367901,0.042549368,0.3032793,0.21738113
Test_1532,0.20030248,0.079436116,0.27152047,0.44874096
Test_1533,0.0553227,0.035246715,0.06184792,0.8475827
Test_1534,0.46942553,0.0427096,0.33135286,0.15651199
Test_1535,0.23616283,0.086383805,0.16939473,0.50805867
Test_1536,0.34230262,0.057770904,0.11279926,0.48712718
Test_1537,0.2395388,0.061390184,0.37101653,0.32805446
Test_1538,0.37095082,0.042999692,0.47755456,0.10849491
Test_1539,0.18565609,0.086525545,0.14574187,0.58207655
Test_1540,0.15683597,0.040637694,0.6188444,0.18368194
Test_1541,0.1658258,0.055483967,0.055424076,0.7232662
Test_1542,0.24972588,0.0047247666,0.7374185,0.008130876
Test_1543,0.27161017,0.07617899,0.1342803,0.5179305
Test_1544,0.3638283,0.05085794,0.46382976,0.12148403
Test_1545,0.43830368,0.040714778,0.08799305,0.43298858
Test_1546,0.44295296,0.029197365,0.3950474,0.1328023
Test_1547,0.17918682,0.038829543,0.024802554,0.7571811
Test_1548,0.21738979,0.07170924,0.2893075,0.42159346
Test_1549,0.7849344,0.006292063,0.1756358,0.033137754
Test_1550,0.45842424,0.0379684,0.3645966,0.13901074
Test_1551,0.16354156,0.07668562,0.24205525,0.51771754
Test_1552,0.32328278,0.07228858,0.31736484,0.2870638
Test_1553,0.7640606,0.007950521,0.047477674,0.1805111
Test_1554,0.52433157,0.05206054,0.29811275,0.1254951
Test_1555,0.46669233,0.040503006,0.32551074,0.16729397
Test_1556,0.27848437,0.049819905,0.4121672,0.25952846
Test_1557,0.3536158,0.058126763,0.12153019,0.46672717
Test_1558,0.32380807,0.0591461,0.2917996,0.32524619
Test_1559,0.5526417,0.023252709,0.30810055,0.11600511
Test_1560,0.1948956,0.0782423,0.16074438,0.5661177
Test_1561,0.42866707,0.042033393,0.32522732,0.20407225
Test_1562,0.33736542,0.06728374,0.21566981,0.379681
Test_1563,0.020430125,0.008062166,0.008593377,0.9629143
Test_1564,0.05148953,0.029519645,0.05290538,0.8660855
Test_1565,0.34986168,0.046786975,0.3589669,0.24438447
Test_1566,0.2176102,0.08242506,0.11475644,0.58520836
Test_1567,0.24951471,0.060259156,0.38643694,0.30378917
Test_1568,0.12245504,0.02605098,0.71671754,0.13477641
Test_1569,0.09904723,0.06385273,0.16995373,0.66714627
Test_1570,0.05297803,0.026197312,0.03223382,0.8885909
Test_1571,0.35586333,0.05360703,0.3046873,0.2858423
Test_1572,0.1354186,0.06397187,0.3990117,0.4015978
Test_1573,0.40513012,0.0396952,0.36672568,0.18844905
Test_1574,0.4648408,0.0316076,0.41341412,0.09013746
Test_1575,0.20317653,0.0529995,0.5045753,0.23924866
Test_1576,0.16886574,0.08783917,0.13353734,0.6097577
Test_1577,0.36773306,0.044061877,0.484792,0.103413
Test_1578,0.22658132,0.078388505,0.12109378,0.5739364
Test_1579,0.79489493,0.0074876305,0.11086696,0.08675046
Test_1580,0.25510156,0.07820742,0.25035274,0.41633832
Test_1581,0.08656335,0.011153582,0.86050385,0.041779187
Test_1582,0.3806378,0.069611944,0.15652478,0.39322546
Test_1583,0.31541574,0.053832166,0.059170026,0.5715821
Test_1584,0.3063474,0.064337865,0.33419093,0.29512388
Test_1585,0.3133857,0.027841177,0.5445016,0.114271484
Test_1586,0.31429455,0.04367985,0.45074114,0.19128448
Test_1587,0.09585342,0.06436648,0.32805085,0.5117292
Test_1588,0.047344953,0.025744542,0.043910306,0.8830002
Test_1589,0.09933194,0.048184134,0.076127574,0.77635634
Test_1590,0.4182642,0.04075622,0.4376715,0.10330804
Test_1591,0.21783158,0.08612483,0.30906722,0.38697633
Test_1592,0.52839726,0.041846033,0.3231235,0.10663315
Test_1593,0.28429303,0.052659832,0.44418445,0.21886277
Test_1594,0.28881454,0.08564311,0.2395805,0.3859618
Test_1595,0.53068733,0.03456763,0.1035968,0.33114824
Test_1596,0.47996184,0.020199768,0.42276418,0.07707423
Test_1597,0.121698774,0.06812259,0.22443035,0.5857483
Test_1598,0.20361513,0.061222404,0.40141016,0.3337523
Test_1599,0.39285758,0.06417742,0.24379976,0.29916528
Test_1600,0.6052767,0.011573615,0.32591322,0.05723645
Test_1601,0.32783696,0.060692187,0.10528062,0.50619024
Test_1602,0.29047188,0.05408604,0.43287882,0.22256328
Test_1603,0.4227908,0.04800835,0.29030842,0.23889242
Test_1604,0.39144793,0.036235843,0.39978063,0.17253555
Test_1605,0.2860842,0.025514249,0.59551394,0.09288766
Test_1606,0.44034198,0.030153602,0.40822446,0.12127995
Test_1607,0.19270872,0.07991902,0.28942284,0.43794945
Test_1608,0.28610095,0.037530404,0.50356495,0.1728037
Test_1609,0.05888972,0.037603162,0.06666181,0.8368453
Test_1610,0.21076459,0.088212416,0.2577221,0.4433009
Test_1611,0.3201846,0.07679228,0.23446299,0.3685601
Test_1612,0.20914018,0.09523844,0.16737542,0.528246
Test_1613,0.12242482,0.07110399,0.17799579,0.62847537
Test_1614,0.41877896,0.039553635,0.45383814,0.08782924
Test_1615,0.364918,0.055147048,0.22297782,0.35695717
Test_1616,0.10102621,0.06495137,0.1694061,0.66461635
Test_1617,0.16203697,0.05595272,0.06607682,0.71593356
Test_1618,0.56727344,0.03957826,0.21807021,0.17507811
Test_1619,0.30912742,0.03426639,0.49916905,0.15743713
Test_1620,0.2629262,0.06715966,0.3077233,0.36219078
Test_1621,0.2700867,0.056989744,0.40824986,0.2646737
Test_1622,0.13254078,0.04982566,0.054677673,0.7629559
Test_1623,0.2850054,0.07400495,0.19878587,0.4422037
Test_1624,0.20493123,0.05235126,0.48754105,0.25517645
Test_1625,0.32929114,0.048842296,0.39686343,0.2250032
Test_1626,0.059971206,0.020845124,0.016771568,0.9024122
Test_1627,0.076707095,0.04537468,0.08528483,0.7926333
Test_1628,0.34419528,0.011032809,0.6171776,0.02759435
Test_1629,0.4116887,0.04628654,0.3513543,0.19067055
Test_1630,0.06928092,0.022826148,0.02008486,0.8878081
Test_1631,0.410592,0.041992422,0.36755654,0.17985909
Test_1632,0.31270316,0.07423357,0.13282256,0.48024067
Test_1633,0.5155375,0.02427613,0.35282585,0.10736048
Test_1634,0.21567512,0.08574764,0.23814362,0.46043363
Test_1635,0.14966781,0.065648146,0.28795454,0.49672952
Test_1636,0.27167597,0.057546757,0.3335571,0.33722022
Test_1637,0.14531097,0.06405308,0.28934836,0.5012876
Test_1638,0.2186173,0.027092779,0.015935121,0.73835474
Test_1639,0.26197743,0.080172226,0.144514,0.5133363
Test_1640,0.32395923,0.06505475,0.09281474,0.51817125
Test_1641,0.19930011,0.08123734,0.22574392,0.49371862
Test_1642,0.32589838,0.019145278,0.6067893,0.048167072
Test_1643,0.42226958,0.03726293,0.46239984,0.078067675
Test_1644,0.23597562,0.06912489,0.3918763,0.30302322
Test_1645,0.39200214,0.054276057,0.3920009,0.16172087
Test_1646,0.2517614,0.06635671,0.09988931,0.5819926
Test_1647,0.036440104,0.022156872,0.030363908,0.9110392
Test_1648,0.4032245,0.054717932,0.3428012,0.19925639
Test_1649,0.30974823,0.053253915,0.43536723,0.20163059
Test_1650,0.5036187,0.034336034,0.2084005,0.25364476
Test_1651,0.30664042,0.058019564,0.065571845,0.5697682
Test_1652,0.43892592,0.05472853,0.33636895,0.16997653
Test_1653,0.12470219,0.04917237,0.04388518,0.7822402
Test_1654,0.14369391,0.057067696,0.5454068,0.2538316
Test_1655,0.11701274,0.06564516,0.15631923,0.66102284
Test_1656,0.5345455,0.031678185,0.083331876,0.35044444
Test_1657,0.16496404,0.009040702,0.8002007,0.025794607
Test_1658,0.4299955,0.031335577,0.4693959,0.069273084
Test_1659,0.5064309,0.033290587,0.064301774,0.39597675
Test_1660,0.4698851,0.040199354,0.30666688,0.18324864
Test_1661,0.41365284,0.0416066,0.35760266,0.18713795
Test_1662,0.37046605,0.06461902,0.38468602,0.18022893
Test_1663,0.21330245,0.0378163,0.57334864,0.17553262
Test_1664,0.16492228,0.078547046,0.17520367,0.581327
Test_1665,0.17035079,0.061823294,0.07880958,0.6890163
Test_1666,0.14192577,0.08116129,0.13390154,0.64301145
Test_1667,0.39170197,0.058728408,0.35463232,0.19493727
Test_1668,0.33221748,0.046058644,0.44315258,0.17857133
Test_1669,0.35804203,0.04319813,0.43815386,0.16060589
Test_1670,0.55895895,0.02792749,0.231893,0.18122059
Test_1671,0.39882496,0.038081653,0.49015823,0.072935134
Test_1672,0.22577505,0.025447622,0.64028627,0.10849107
Test_1673,0.21827443,0.078236,0.11231955,0.5911701
Test_1674,0.30014247,0.049142174,0.07589439,0.574821
Test_1675,0.044606548,0.025011664,0.036005005,0.89437675
Test_1676,0.08309225,0.047005605,0.07314226,0.7967599
Test_1677,0.43122062,0.04019003,0.34466752,0.18392183
Test_1678,0.396543,0.045763474,0.412412,0.14528155
Test_1679,0.335741,0.031561766,0.47979724,0.1529
Test_1680,0.4504533,0.04250725,0.35014558,0.1568939
Test_1681,0.48294878,0.042717475,0.1305879,0.34374583
Test_1682,0.055609114,0.017744597,0.015982013,0.9106642
Test_1683,0.16013712,0.022028016,0.7155581,0.10227677
Test_1684,0.19481148,0.06497193,0.06537014,0.6748464
Test_1685,0.27351373,0.032009766,0.5055973,0.18887919
Test_1686,0.2921733,0.07082475,0.12092961,0.51607233
Test_1687,0.28286305,0.095704064,0.32792398,0.29350886
Test_1688,0.25037417,0.08275457,0.13838716,0.5284841
Test_1689,0.19327702,0.053380404,0.4077842,0.34555835
Test_1690,0.42927945,0.052171208,0.23998694,0.2785623
Test_1691,0.40819967,0.050474003,0.41721967,0.12410666
Test_1692,0.35365114,0.052798606,0.34681687,0.24673332
Test_1693,0.29254323,0.06361867,0.33921537,0.30462277
Test_1694,0.3945365,0.04936442,0.37567714,0.1804219
Test_1695,0.45606956,0.036811024,0.33102626,0.17609316
Test_1696,0.2608879,0.032553755,0.63148946,0.075068936
Test_1697,0.5477602,0.034268104,0.35081494,0.067156725
Test_1698,0.42347285,0.038659394,0.45508108,0.082786664
Test_1699,0.34510508,0.04447951,0.4080456,0.2023698
Test_1700,0.2012014,0.07945287,0.2938204,0.42552537
Test_1701,0.07680971,0.034624733,0.03971818,0.8488474
Test_1702,0.37982586,0.035006423,0.42939696,0.15577073
Test_1703,0.31910136,0.055303756,0.37810236,0.24749255
Test_1704,0.12299351,0.048287854,0.04857901,0.7801396
Test_1705,0.19258721,0.075196125,0.10240577,0.6298109
Test_1706,0.43459642,0.023556486,0.45092958,0.09091748
Test_1707,0.0803802,0.038310237,0.49064025,0.39066932
Test_1708,0.47775468,0.031974282,0.36373684,0.12653425
Test_1709,0.43826574,0.043430135,0.22979437,0.28850967
Test_1710,0.2056324,0.07709237,0.16326362,0.55401164
Test_1711,0.30813363,0.014010089,0.6454238,0.03243241
Test_1712,0.38057658,0.059190556,0.18513894,0.37509394
Test_1713,0.39003113,0.067398004,0.3369234,0.20564747
Test_1714,0.4539122,0.049575694,0.39977962,0.09673251
Test_1715,0.42721555,0.03056711,0.39504182,0.14717546
Test_1716,0.47778174,0.028947162,0.36567473,0.12759635
Test_1717,0.04365807,0.012642511,0.009543483,0.934156
Test_1718,0.45625195,0.04830233,0.35674673,0.13869898
Test_1719,0.2741944,0.06058822,0.37738016,0.28783724
Test_1720,0.52401346,0.028626567,0.30394092,0.14341907
Test_1721,0.06481036,0.039593004,0.07837654,0.81722015
Test_1722,0.5822238,0.028952101,0.24740434,0.14141981
Test_1723,0.43349776,0.050502297,0.25763106,0.2583689
Test_1724,0.17508577,0.039355274,0.6212599,0.16429901
Test_1725,0.3792008,0.06111853,0.2641711,0.29550964
Test_1726,0.61835307,0.016075272,0.28738105,0.07819064
Test_1727,0.438824,0.04727583,0.15219457,0.3617056
Test_1728,0.25926456,0.077960484,0.10953401,0.55324095
Test_1729,0.13163899,0.061582103,0.4359165,0.3708624
Test_1730,0.30366814,0.039516397,0.5043038,0.15251167
Test_1731,0.3009138,0.043468498,0.46325836,0.1923594
Test_1732,0.6151396,0.010267717,0.32926598,0.045326784
Test_1733,0.2579337,0.043674704,0.52943236,0.16895922
Test_1734,0.17221017,0.07568829,0.3512418,0.40085974
Test_1735,0.25197393,0.06379626,0.3253868,0.35884306
Test_1736,0.095584914,0.03592189,0.03783703,0.8306562
Test_1737,0.39045992,0.057964135,0.29108167,0.26049423
Test_1738,0.3948211,0.05060161,0.11471922,0.43985808
Test_1739,0.4065876,0.03260613,0.4040196,0.15678668
Test_1740,0.5887389,0.020778801,0.06306194,0.32742038
Test_1741,0.290806,0.079113305,0.13989969,0.49018097
Test_1742,0.428731,0.045794003,0.42262217,0.102852836
Test_1743,0.067352496,0.03275169,0.67049426,0.22940154
Test_1744,0.24760298,0.08081535,0.15536593,0.5162157
Test_1745,0.39289787,0.05968025,0.3472589,0.20016292
Test_1746,0.42457378,0.03479606,0.3927846,0.14784554
Test_1747,0.44534183,0.055326536,0.3174779,0.1818537
Test_1748,0.43561906,0.058015347,0.27518687,0.23117879
Test_1749,0.3830538,0.03730682,0.4591302,0.12050916
Test_1750,0.121427745,0.028422922,0.021133438,0.8290159
Test_1751,0.21702951,0.040383637,0.59296167,0.14962514
Test_1752,0.31993094,0.045743503,0.47663298,0.15769254
Test_1753,0.28430688,0.080161236,0.15398417,0.48154774
Test_1754,0.30684686,0.056327056,0.34782645,0.28899965
Test_1755,0.18515785,0.085977115,0.19113451,0.5377306
Test_1756,0.38063276,0.04502864,0.42888784,0.14545074
Test_1757,0.31086135,0.057702463,0.43616128,0.19527492
Test_1758,0.16460957,0.032058924,0.6635463,0.1397852
Test_1759,0.5094983,0.0372868,0.16056213,0.2926527
Test_1760,0.54594254,0.027279938,0.054041486,0.372736
Test_1761,0.33797306,0.03586899,0.51258534,0.1135726
Test_1762,0.119385965,0.043590177,0.050512705,0.7865112
Test_1763,0.26975474,0.073374376,0.19234477,0.46452603
Test_1764,0.53163975,0.036557272,0.23513989,0.196663
Test_1765,0.40923768,0.05187561,0.1647829,0.37410375
Test_1766,0.0474625,0.023592157,0.02836357,0.9005817
Test_1767,0.11927577,0.015946094,0.7773789,0.08739923
Test_1768,0.37475777,0.035009038,0.40585858,0.18437462
Test_1769,0.47961926,0.0450415,0.37005097,0.105288364
Test_1770,0.34612453,0.051612016,0.35658187,0.24568154
Test_1771,0.30540276,0.041079085,0.43282261,0.22069553
Test_1772,0.16584092,0.021017466,0.7403528,0.07278883
Test_1773,0.27647147,0.07616801,0.13321166,0.51414883
Test_1774,0.12557192,0.06435711,0.10639175,0.70367926
Test_1775,0.09267013,0.061517596,0.2783939,0.56741834
Test_1776,0.2446834,0.080130346,0.16692978,0.50825644
Test_1777,0.2936207,0.061719526,0.23986182,0.404798
Test_1778,0.10087882,0.012046502,0.8472843,0.03979043
Test_1779,0.21578193,0.016147505,0.704458,0.06361261
Test_1780,0.39264536,0.021735726,0.5258832,0.059735704
Test_1781,0.34092116,0.064707465,0.25375286,0.34061852
Test_1782,0.2362851,0.032748647,0.6579191,0.07304709
Test_1783,0.18376535,0.08089309,0.2502061,0.4851355
Test_1784,0.38022482,0.03999779,0.4366844,0.14309303
Test_1785,0.50201094,0.02968458,0.34407365,0.12423079
Test_1786,0.16477065,0.08327867,0.15973514,0.5922156
Test_1787,0.2706573,0.05014639,0.43764758,0.24154882
Test_1788,0.38372225,0.017295083,0.56119597,0.037786655
Test_1789,0.25810623,0.06360437,0.41133112,0.2669583
Test_1790,0.6598069,0.0220144,0.19403791,0.12414079
Test_1791,0.45846543,0.04390538,0.2800917,0.21753749
Test_1792,0.3252004,0.0592974,0.26953998,0.34596217
Test_1793,0.4302213,0.046172056,0.34687442,0.17673227
Test_1794,0.27526048,0.04162584,0.033651773,0.6494619
Test_1795,0.49681535,0.043944873,0.24710883,0.2121309
Test_1796,0.3320244,0.06569053,0.1305877,0.47169733
Test_1797,0.34788683,0.042121664,0.41856915,0.1914223
Test_1798,0.11785439,0.05580854,0.063889265,0.76244783
Test_1799,0.3949476,0.044209108,0.3414925,0.21935073
Test_1800,0.4306956,0.030526409,0.45386028,0.08491772
Test_1801,0.4242239,0.025327345,0.44391346,0.106535375
Test_1802,0.4037814,0.0344173,0.40816528,0.15363598
Test_1803,0.11288171,0.05089065,0.06347614,0.77275145
Test_1804,0.35579377,0.017223477,0.5850686,0.04191415
Test_1805,0.22942719,0.03467821,0.53589886,0.19999574
Test_1806,0.27576807,0.053893574,0.36687562,0.3034627
Test_1807,0.06666156,0.023730112,0.019469272,0.89013904
Test_1808,0.28607625,0.02985428,0.5684546,0.11561482
Test_1809,0.47896636,0.042867087,0.26054782,0.2176188
Test_1810,0.33047512,0.06767743,0.15389031,0.44795716
Test_1811,0.15382043,0.06584886,0.48338065,0.2969501
Test_1812,0.47498652,0.03602302,0.046644613,0.44234586
Test_1813,0.38111112,0.06911982,0.2100348,0.3397342
Test_1814,0.21712594,0.09096885,0.21944812,0.47245708
Test_1815,0.51227295,0.035956323,0.3099786,0.14179212
Test_1816,0.35399476,0.052102376,0.4452466,0.14865626
Test_1817,0.39005134,0.055233575,0.2717556,0.2829595
Test_1818,0.16897,0.07125335,0.15795806,0.6018186
Test_1819,0.10296061,0.040899683,0.04514963,0.8109901
Test_1820,0.26239574,0.07493813,0.10947384,0.5531923
